ResponseId,StartDate,EndDate,Progress,Durationinseconds,Finished,Captcha,headlineA1,headlineS1,headlineC1,t_PageSubmit1,headlineA2,headlineS2,headlineC2,t_PageSubmit2,headlineA3,headlineS3,headlineC3,t_PageSubmit3,headlineA4,headlineS4,headlineC4,t_PageSubmit4,headlineA5,headlineS5,headlineC5,t_PageSubmit5,headlineA6,headlineS6,headlineC6,t_PageSubmit6,headlineA7,headlineS7,headlineC7,t_PageSubmit7,headlineA8,headlineS8,headlineC8,t_PageSubmit8,headlineA9,headlineS9,headlineC9,t_PageSubmit9,headlineA10,headlineS10,headlineC10,t_PageSubmit10,headlineA11,headlineS11,headlineC11,t_PageSubmit11,headlineA12,headlineS12,headlineC12,t_PageSubmit12,headlineA13,headlineS13,headlineC13,t_PageSubmit13,headlineA14,headlineS14,headlineC14,t_PageSubmit14,headlineA15,headlineS15,headlineC15,t_PageSubmit15,headlineA16,headlineS16,headlineC16,t_PageSubmit16,headlineA17,headlineS17,headlineC17,t_PageSubmit17,headlineA18,headlineS18,headlineC18,t_PageSubmit18,headlineA19,headlineS19,headlineC19,t_PageSubmit19,headlineA20,headlineS20,headlineC20,t_PageSubmit20,headlineA21,headlineS21,headlineC21,t_PageSubmit21,headlineA22,headlineS22,headlineC22,t_PageSubmit22,headlineA23,headlineS23,headlineC23,t_PageSubmit23,headlineA24,headlineS24,headlineC24,t_PageSubmit24,headlineA25,headlineS25,headlineC25,t_PageSubmit25,headlineA26,headlineS26,headlineC26,t_PageSubmit26,headlineA27,headlineS27,headlineC27,t_PageSubmit27,headlineA28,headlineS28,headlineC28,t_PageSubmit28,headlineA29,headlineS29,headlineC29,t_PageSubmit29,headlineA30,headlineS30,headlineC30,t_PageSubmit30,headlineA31,headlineS31,headlineC31,t_PageSubmit31,headlineA32,headlineS32,headlineC32,t_PageSubmit32,headlineA33,headlineS33,headlineC33,t_PageSubmit33,headlineA34,headlineS34,headlineC34,t_PageSubmit34,headlineA35,headlineS35,headlineC35,t_PageSubmit35,headlineA36,headlineS36,headlineC36,t_PageSubmit36,headlineA37,headlineS37,headlineC37,t_PageSubmit37,headlineA38,headlineS38,headlineC38,t_PageSubmit38,headlineA39,headlineS39,headlineC39,t_PageSubmit39,headlineA40,headlineS40,headlineC40,t_PageSubmit40,Age,Gender,Education,DemRep_C,Ethnicity,nicks,us
"R_1F9zZL4TZlgyvNI","2022-04-22 15:06:33","2022-04-22 15:33:02",100,1588,1,"15",1,1,1,23.298,,,,,,,,,,,,,,,,,,,,,,,,,2,2,5,102.942,,,,,1,1,5,26.418,,,,,,,,,,,,,,,,,6,5,7,29.235,1,1,1,94.017,,,,,,,,,,,,,,,,,7,1,1,14.958,,,,,,,,,,,,,,,,,,,,,,,,,,,,,7,5,5,58.123,,,,,,,,,7,7,7,26.546,7,1,1,27.311,1,1,1,46.16,,,,,,,,,,,,,,,,,,,,,,,,,69,2,3,6,"1",5,
"R_1rDieuGVJ4Azpo2","2022-04-22 16:51:00","2022-04-22 16:56:14",100,314,1,"15",,,,,,,,,,,,,,,,,,,,,,,,,,,,,,,,,,,,,,,,,,,,,1,1,3,18.806,1,1,1,12.586,,,,,1,1,1,15.467,,,,,1,1,1,25.097,,,,,,,,,1,1,1,14.707,7,1,4,18.345,,,,,,,,,,,,,,,,,,,,,7,1,3,25.544,,,,,,,,,,,,,4,1,5,16.457,,,,,7,1,4,24.997,,,,,,,,,,,,,,,,,,,,,7,1,2,29.146,,,,,58,1,4,4,"1",5,
"R_22sHLaK2lPyV8sQ","2022-04-22 17:32:57","2022-04-22 17:36:29",100,211,1,"15",,,,,1,1,1,4.492,,,,,1,1,1,6.208,,,,,,,,,,,,,,,,,1,1,1,6.94,1,1,1,12.836,,,,,,,,,,,,,,,,,,,,,,,,,,,,,,,,,,,,,1,1,1,4.3,,,,,1,1,1,5.983,1,1,1,3.143,1,1,1,1.85,,,,,,,,,,,,,,,,,,,,,1,1,1,4.932,,,,,,,,,,,,,1,1,1,3.871,,,,,,,,,,,,,,,,,,,,,,,,,29,2,1,6,"1",1,
"R_YaUP79vcoREmrAJ","2022-04-22 17:33:34","2022-04-22 17:39:51",100,377,1,"15",,,,,1,1,1,13.49,,,,,1,1,1,15.832,,,,,,,,,,,,,1,1,1,24.575,,,,,,,,,5,4,5,53.001,,,,,,,,,,,,,,,,,,,,,,,,,,,,,1,1,1,15.052,,,,,,,,,,,,,,,,,,,,,,,,,5,4,4,24.455,,,,,,,,,6,1,1,25.645,,,,,,,,,1,1,1,16.7,,,,,,,,,,,,,7,7,6,21.61,,,,,,,,,,,,,7,6,6,19.173,59,2,3,1,"1",5,
"R_2w5BKdvPu9GhNmQ","2022-04-22 17:57:02","2022-04-22 18:04:14",100,432,1,"15",,,,,,,,,,,,,1,1,1,21.053,,,,,,,,,,,,,,,,,1,1,1,18.989,,,,,,,,,,,,,,,,,,,,,1,1,7,37.79,,,,,1,1,1,20.684,,,,,,,,,7,1,1,24.07,,,,,1,1,1,33.644,,,,,7,1,1,16.507,,,,,,,,,,,,,,,,,7,1,1,35.532,,,,,,,,,,,,,,,,,,,,,7,7,7,18.378,,,,,,,,,7,7,7,23.657,,,,,,,,,,2,7,1,"1",5,
"R_rkwLW0OgKhYstZ7","2022-04-22 18:45:09","2022-04-22 18:51:00",100,350,1,"15",,,,,,,,,,,,,1,1,1,26.732,,,,,,,,,,,,,,,,,7,7,7,19.529,7,7,7,14.984,1,1,1,19.238,,,,,,,,,,,,,,,,,,,,,,,,,,,,,1,7,1,26.566,,,,,,,,,,,,,7,7,1,16.339,,,,,7,7,1,24.357,,,,,,,,,,,,,,,,,7,7,7,18.502,2,1,1,23.333,,,,,,,,,1,7,7,18.401,,,,,,,,,,,,,,,,,,,,,,,,,,1,4,5,"1,6",2,
"R_1nUZpOwogUqC16X","2022-04-22 18:49:19","2022-04-22 18:55:40",100,380,1,"15",,,,,1,1,1,14.178,1,1,1,21.852,,,,,,,,,,,,,1,1,1,11.383,,,,,,,,,1,1,1,15.4,,,,,1,1,1,23.484,,,,,,,,,,,,,,,,,,,,,,,,,,,,,,,,,4,1,1,24.538,,,,,,,,,1,1,1,20.636,,,,,,,,,1,1,1,16.045,5,1,1,17.636,,,,,,,,,,,,,1,1,1,20.032,,,,,,,,,,,,,,,,,,,,,,,,,,,,,,,,,59,2,3,1,"1",5,
"R_24Glv0WlYACxoxy","2022-04-22 19:02:36","2022-04-22 19:12:50",100,613,1,"15",4,2,4,27.92,2,1,4,45.553,,,,,,,,,,,,,,,,,,,,,,,,,,,,,3,2,4,26.101,,,,,5,4,4,24.289,,,,,,,,,,,,,,,,,,,,,,,,,6,3,4,75.423,,,,,,,,,6,5,7,20.866,,,,,4,3,2,41.802,,,,,,,,,6,5,7,28.892,,,,,,,,,5,4,7,70.401,,,,,,,,,,,,,,,,,,,,,4,2,4,48.82,,,,,,,,,,,,,,,,,46,2,3,4,"1",5,
"R_xbVVPoImaWUhYT7","2022-04-22 19:11:38","2022-04-22 19:20:15",100,517,1,"15",,,,,,,,,1,1,5,37.726,,,,,,,,,5,1,6,50.069,1,1,1,31.187,,,,,,,,,,,,,,,,,,,,,1,1,1,20.073,,,,,,,,,1,1,1,38.923,,,,,,,,,,,,,,,,,,,,,,,,,7,7,4,42.996,,,,,,,,,,,,,,,,,6,1,4,36.496,7,7,7,31.066,,,,,5,3,5,40.179,,,,,,,,,,,,,,,,,,,,,1,1,5,23.235,,,,,,,,,,,,,,1,4,5,"1",5,
"R_1rx2ggWwvqAlsPw","2022-04-23 14:08:53","2022-04-23 14:13:37",100,283,1,"15",,,,,1,1,1,8.263,1,1,1,31.455,,,,,,,,,,,,,,,,,1,1,1,11.42,,,,,,,,,,,,,,,,,1,1,1,13.969,,,,,1,1,1,13.781,,,,,,,,,,,,,,,,,,,,,,,,,,,,,3,1,1,22.634,,,,,,,,,,,,,,,,,,,,,,,,,4,1,1,26.734,6,3,5,26.895,,,,,7,7,7,14.009,,,,,,,,,,,,,,,,,,,,,7,5,1,16.078,,,,,54,2,3,2,"1",5,
"R_1Hoz0mKPslLUfFP","2022-04-23 14:18:27","2022-04-23 14:29:46",100,679,1,"15",,,,,,,,,,,,,1,1,1,20.244,4,1,7,20.924,,,,,,,,,,,,,,,,,,,,,6,6,7,26.387,,,,,,,,,,,,,2,1,7,33.258,,,,,,,,,,,,,,,,,6,2,5,129.818,,,,,,,,,,,,,,,,,,,,,,,,,,,,,2,1,7,48.006,,,,,,,,,6,2,4,21.547,,,,,,,,,,,,,6,3,5,23.14,,,,,,,,,6,2,7,22.183,7,5,2,31.769,,,,,68,1,3,1,"1",5,
"R_22D4T9xiTZV0KJv","2022-04-23 17:51:14","2022-04-23 17:57:19",100,365,1,"15",,,,,,,,,,,,,,,,,,,,,,,,,1,1,1,27.9,,,,,7,7,7,34.3,,,,,,,,,7,7,7,13.771,1,1,1,20.48,,,,,1,1,1,23.255,,,,,,,,,,,,,,,,,,,,,,,,,7,7,7,20.359,,,,,,,,,,,,,,,,,,,,,,,,,,,,,,,,,,,,,7,7,1,24.161,,,,,,,,,7,1,1,21.501,1,1,1,19.534,,,,,,,,,,,,,7,1,1,19.896,76,1,6,6,"1",5,
"R_2ruUEZNaYSKXP7r","2022-04-23 18:39:34","2022-04-23 18:47:28",100,474,1,"15",,,,,,,,,,,,,3,1,3,29.8,,,,,,,,,,,,,5,5,5,25.487,,,,,1,1,2,32.23,,,,,,,,,,,,,,,,,,,,,,,,,1,1,1,22.123,,,,,,,,,1,1,1,20.605,7,1,1,21.347,,,,,,,,,,,,,,,,,,,,,,,,,7,7,7,41.406,,,,,6,6,6,28.908,6,5,5,24.447,,,,,,,,,,,,,,,,,,,,,3,1,4,44.354,,,,,,,,,,,,,68,1,6,6,"1",5,
"R_1OoV0rBcyRyqTHw","2022-04-24 02:32:52","2022-04-24 02:40:43",100,470,1,"15",,,,,,,,,,,,,,,,,,,,,,,,,,,,,2,1,3,17.5,,,,,,,,,7,4,7,13.402,1,1,1,12.986,2,1,1,20.124,,,,,,,,,,,,,1,1,1,10.255,,,,,,,,,,,,,,,,,,,,,1,1,1,14.785,,,,,,,,,,,,,,,,,4,2,7,18.848,,,,,,,,,7,7,5,13.718,,,,,7,7,5,14.266,,,,,,,,,,,,,,,,,,,,,7,1,1,15.33,,,,,67,2,7,1,"1",5,
"R_2ctEnZRex8HOdnl","2022-04-24 05:56:53","2022-04-24 06:01:34",100,281,1,"15",,,,,,,,,2,2,5,17.922,,,,,,,,,3,3,5,33.931,,,,,,,,,,,,,,,,,,,,,,,,,,,,,,,,,,,,,1,1,1,15.082,,,,,5,2,3,23.655,1,1,2,23.856,,,,,,,,,,,,,,,,,5,3,7,18.619,7,7,7,12.533,,,,,7,6,7,12.139,,,,,7,7,7,9.798,6,5,7,18.525,,,,,,,,,,,,,,,,,,,,,,,,,,,,,,,,,,,,,,,,,67,4,6,5,"1",3,
"R_1rp6kXjITYj1qXp","2022-04-24 11:36:52","2022-04-24 11:42:07",100,314,1,"15",1,1,1,13.577,,,,,,,,,,,,,1,1,1,9.96,1,1,1,12.871,,,,,,,,,,,,,,,,,1,1,1,14.481,,,,,,,,,1,1,1,18.172,,,,,,,,,,,,,,,,,,,,,,,,,6,5,6,54.728,,,,,,,,,,,,,,,,,4,4,5,20.972,3,2,6,19.13,,,,,,,,,,,,,,,,,,,,,7,7,7,12,,,,,,,,,,,,,6,4,5,70.549,,,,,,,,,,,,,62,1,6,2,"1",5,
"R_1IMFpUDENuCYuaC","2022-04-24 12:17:21","2022-04-24 12:21:40",100,259,1,"15",,,,,,,,,,,,,1,1,1,14.883,,,,,,,,,1,1,1,19.22,,,,,,,,,1,1,1,13.949,,,,,,,,,,,,,,,,,,,,,,,,,,,,,,,,,3,1,2,13.685,4,1,6,23.768,,,,,,,,,,,,,,,,,,,,,,,,,,,,,6,1,4,19.649,,,,,,,,,6,1,5,20.503,,,,,6,1,5,17.685,7,1,6,13.732,,,,,6,1,3,15.991,,,,,,,,,,,,,,,,,33,1,4,2,"1",5,
"R_22QvnvdSov9cnIx","2022-04-24 16:14:16","2022-04-24 16:18:50",100,274,1,"15",,,,,,,,,,,,,,,,,,,,,1,1,1,10.673,1,1,1,14.439,,,,,,,,,1,1,1,12.813,2,1,1,18.826,,,,,,,,,,,,,,,,,1,1,1,15.849,,,,,,,,,,,,,,,,,6,6,6,16.378,,,,,,,,,6,2,4,17.162,,,,,,,,,,,,,,,,,,,,,1,1,1,12.867,,,,,,,,,,,,,,,,,,,,,,,,,,,,,7,7,6,12.784,6,1,3,26.778,,,,,67,2,4,1,"1",5,
"R_1hT40o8LL80BYRY","2022-04-24 16:27:31","2022-04-24 16:32:41",100,309,1,"15",,,,,,,,,,,,,1,1,1,9.213,7,1,3,14.01,,,,,,,,,,,,,1,1,1,19.548,4,2,5,20.377,,,,,1,1,1,17.815,,,,,,,,,,,,,,,,,,,,,,,,,,,,,,,,,,,,,,,,,,,,,,,,,2,1,1,21.259,,,,,,,,,,,,,,,,,,,,,,,,,,,,,,,,,,,,,5,3,6,19.889,,,,,4,3,5,17.489,,,,,5,2,2,20.894,7,4,3,16.992,58,1,6,1,"1",5,
"R_AFqiPty8uqdPgfD","2022-04-24 16:43:56","2022-04-24 16:50:02",100,365,1,"15",,,,,,,,,7,1,1,32.873,,,,,,,,,,,,,4,1,1,29.843,,,,,7,4,6,22.164,,,,,,,,,,,,,,,,,7,1,1,21.178,,,,,,,,,,,,,,,,,1,1,1,30.633,,,,,,,,,,,,,,,,,,,,,,,,,,,,,7,1,7,18.164,1,1,1,28.884,,,,,,,,,,,,,7,7,7,18.402,7,1,1,20.814,,,,,,,,,,,,,,,,,7,1,1,22.323,,,,,,,,,56,2,6,6,"1",5,
"R_306JwNvqVvPXZMW","2022-04-24 18:28:29","2022-04-24 18:32:18",100,229,1,"15",1,1,1,9.886,1,1,3,13.857,,,,,,,,,1,1,1,8.218,,,,,,,,,,,,,1,1,1,22.398,,,,,,,,,,,,,,,,,,,,,,,,,,,,,,,,,,,,,,,,,1,1,1,11.553,,,,,,,,,7,7,6,11.022,,,,,,,,,7,1,2,17.77,,,,,,,,,7,7,7,9.983,,,,,,,,,,,,,6,1,5,18.13,,,,,,,,,,,,,,,,,,,,,7,1,2,11.783,,,,,47,1,5,5,"1",5,
"R_cvhLetK6WPXc1RT","2022-04-24 21:48:03","2022-04-24 21:53:29",100,325,1,"15",,,,,,,,,,,,,,,,,3,2,2,19.199,3,2,1,23.749,,,,,,,,,6,5,6,41.227,7,6,5,12.773,,,,,,,,,,,,,,,,,,,,,,,,,,,,,,,,,,,,,1,2,6,24.821,7,4,3,19.821,,,,,,,,,,,,,,,,,,,,,,,,,,,,,7,4,6,31.682,,,,,,,,,,,,,,,,,1,1,3,16.87,,,,,,,,,,,,,,,,,7,5,5,18.399,5,3,2,16.613,64,1,6,4,"1",5,
"R_3qrFbmqP0x5lj7J","2022-04-25 01:12:58","2022-04-25 01:27:41",100,882,1,"15",,,,,,,,,,,,,,,,,,,,,,,,,,,,,,,,,,,,,,,,,1,1,1,31.553,7,5,7,42.041,,,,,,,,,6,6,7,70.202,1,1,1,33.627,4,3,1,45.726,,,,,,,,,,,,,6,6,6,31.817,,,,,7,5,1,57.474,4,4,7,27.7,,,,,,,,,,,,,,,,,,,,,,,,,,,,,,,,,,,,,,,,,,,,,,,,,,,,,,,,,4,1,1,48.948,4,4,4,29.773,73,2,5,5,"6",5,
"R_1IXh9aDaMfEwHC6","2022-04-25 16:41:36","2022-04-25 16:46:50",100,313,1,"15",,,,,,,,,,,,,,,,,,,,,3,2,7,39.939,1,1,1,14.591,6,2,7,22.491,,,,,,,,,1,1,1,17.282,,,,,,,,,,,,,4,4,3,21.093,,,,,,,,,,,,,,,,,,,,,,,,,,,,,,,,,6,5,7,20.833,,,,,,,,,5,5,1,17.755,,,,,,,,,,,,,,,,,,,,,7,3,1,21.427,,,,,,,,,7,5,1,20.241,,,,,,,,,,,,,4,4,4,22.884,,2,4,5,"1",5,
"R_3G1y9zKKUy7vKVz","2022-04-25 16:45:00","2022-04-25 16:50:36",100,336,1,"15",,,,,,,,,,,,,,,,,3,1,1,20.8,,,,,,,,,,,,,,,,,1,1,1,15.023,,,,,3,1,7,18.291,,,,,,,,,,,,,,,,,,,,,5,1,5,19.466,,,,,1,1,1,11.306,,,,,,,,,4,1,1,29.146,,,,,,,,,,,,,,,,,,,,,,,,,,,,,4,2,6,16.176,6,2,6,17.84,,,,,4,1,5,20.776,,,,,,,,,,,,,,,,,,,,,5,2,6,22.061,65,2,5,5,"1",3,
"R_pzVbv8ZMTNvj99T","2022-04-25 16:43:39","2022-04-25 16:54:20",100,640,1,"15",,,,,,,,,1,1,1,26.779,1,7,1,21.739,,,,,,,,,,,,,,,,,,,,,,,,,,,,,,,,,,,,,,,,,,,,,,,,,1,1,1,326.971,4,1,1,14.166,7,1,1,13.42,,,,,,,,,,,,,,,,,,,,,,,,,5,1,1,16.826,,,,,7,5,6,19.776,5,1,1,13.517,,,,,4,1,1,22.889,,,,,,,,,,,,,,,,,,,,,,,,,2,1,1,27.504,,,,,,,,,45,2,8,5,"2",5,
"R_3mlAnAeEb1gZXV3","2022-04-25 16:56:22","2022-04-25 16:56:41",100,18,1,"16",,,,,,,,,,,,,,,,,,,,,,,,,,,,,,,,,,,,,,,,,,,,,,,,,,,,,,,,,,,,,,,,,,,,,,,,,,,,,,,,,,,,,,,,,,,,,,,,,,,,,,,,,,,,,,,,,,,,,,,,,,,,,,,,,,,,,,,,,,,,,,,,,,,,,,,,,,,,,,,,,,,,,"",,
"R_3KBKu8pyRuDgSn7","2022-04-25 17:02:04","2022-04-25 17:06:46",100,281,1,"15",,,,,,,,,,,,,,,,,,,,,1,1,4,18.739,,,,,,,,,,,,,,,,,1,1,3,21.1,,,,,,,,,,,,,,,,,1,1,1,19.871,1,1,1,15.997,,,,,,,,,1,1,1,14.557,,,,,,,,,1,1,1,15.569,,,,,7,1,5,21.639,,,,,,,,,5,1,4,21.752,5,1,4,15.089,,,,,,,,,,,,,,,,,,,,,,,,,,,,,1,1,1,14.032,,,,,,,,,,,,,40,1,3,4,"1",5,
"R_4MYusTILbibYX3b","2022-04-25 17:08:26","2022-04-25 17:08:45",100,18,1,"16",,,,,,,,,,,,,,,,,,,,,,,,,,,,,,,,,,,,,,,,,,,,,,,,,,,,,,,,,,,,,,,,,,,,,,,,,,,,,,,,,,,,,,,,,,,,,,,,,,,,,,,,,,,,,,,,,,,,,,,,,,,,,,,,,,,,,,,,,,,,,,,,,,,,,,,,,,,,,,,,,,,,,"",,
"R_1QaBOGbNXFV8tB7","2022-04-25 17:04:43","2022-04-25 17:09:05",100,262,1,"15",2,2,2,9.132,,,,,,,,,,,,,2,2,5,22.825,,,,,1,1,1,11.27,4,4,4,16.317,,,,,6,4,4,12.346,,,,,,,,,,,,,,,,,,,,,,,,,,,,,,,,,,,,,,,,,,,,,,,,,,,,,,,,,,,,,7,4,4,14.735,7,4,4,12.5,7,4,4,8.017,,,,,,,,,,,,,,,,,,,,,,,,,,,,,,,,,4,4,4,13.851,,,,,,,,,4,4,4,13.078,36,1,2,5,"1",5,
"R_2WHEcVfg8LydL2Q","2022-04-25 17:11:29","2022-04-25 17:15:18",100,228,1,"15",,,,,,,,,,,,,7,7,7,9.518,,,,,,,,,,,,,,,,,7,7,7,14.127,,,,,,,,,,,,,,,,,,,,,7,7,7,15.17,1,7,7,10.324,,,,,7,7,7,16.498,,,,,,,,,,,,,,,,,7,7,7,12.063,,,,,,,,,,,,,,,,,,,,,,,,,,,,,,,,,,,,,,,,,1,7,7,26.752,7,7,7,9.398,,,,,,,,,7,7,7,15.001,7,7,7,15.944,,,,,71,1,6,6,"1",7,
"R_1Lkw22f5SmeB8i1","2022-04-25 23:58:51","2022-04-26 00:05:18",100,387,1,"15",,,,,,,,,,,,,2,1,4,19.15,,,,,,,,,,,,,2,2,5,24.042,1,1,1,14.899,,,,,,,,,,,,,,,,,,,,,,,,,,,,,,,,,4,4,4,10.417,3,1,4,22.499,,,,,,,,,2,2,6,32.191,5,3,4,20.688,,,,,6,4,3,26.197,,,,,,,,,,,,,7,4,4,25.873,,,,,,,,,,,,,,,,,,,,,4,2,6,52.064,,,,,,,,,,,,,,,,,,,,,63,2,6,3,"1",5,
"R_1QciXQdHuFJblH4","2022-04-25 23:59:00","2022-04-26 00:08:39",100,578,1,"15",,,,,,,,,,,,,,,,,,,,,4,4,7,30.473,1,1,4,53.359,,,,,,,,,,,,,,,,,7,7,7,19.115,1,1,1,19.356,,,,,5,5,7,26.322,,,,,,,,,,,,,,,,,,,,,4,4,7,25.401,,,,,,,,,,,,,,,,,,,,,,,,,,,,,,,,,,,,,5,5,7,27.468,,,,,,,,,,,,,,,,,,,,,4,4,7,17.551,6,6,6,24.1,7,7,7,20.545,,,,,65,1,7,4,"1",5,
"R_2cnNFPuHyX4wRnv","2022-04-26 04:17:55","2022-04-26 04:25:07",100,431,1,"15",,,,,1,1,1,17.399,,,,,,,,,,,,,1,1,1,13.731,,,,,,,,,,,,,,,,,6,7,7,26.25,,,,,,,,,,,,,,,,,,,,,1,1,1,14.882,1,1,1,16.377,,,,,,,,,,,,,2,1,6,44.657,,,,,,,,,1,1,5,25.444,,,,,,,,,,,,,7,7,7,17.869,1,1,1,17.901,,,,,,,,,,,,,,,,,,,,,,,,,6,7,6,17.67,,,,,,,,,,,,,54,2,3,1,"2",5,
"R_UDZJ9MwFmJt80eJ","2022-04-26 07:08:18","2022-04-26 07:15:24",100,426,1,"15",1,1,1,14.346,,,,,,,,,,,,,,,,,4,1,1,22.902,1,1,1,29.491,,,,,,,,,,,,,,,,,,,,,,,,,,,,,4,1,1,24.323,,,,,,,,,5,1,1,22.655,,,,,,,,,,,,,,,,,,,,,,,,,7,1,1,24.313,6,1,1,44.98,7,1,1,17.163,7,1,1,27.781,,,,,,,,,,,,,,,,,7,1,1,16.637,,,,,,,,,,,,,,,,,,,,,,,,,,,,,65,2,5,6,"1",5,
"R_22G601AVI2I5fJV","2022-04-26 11:35:52","2022-04-26 11:41:50",100,357,1,"15",1,1,1,14.283,1,2,4,35.379,5,5,5,19.929,,,,,,,,,,,,,,,,,,,,,,,,,,,,,,,,,7,4,6,27.742,,,,,,,,,3,3,6,28.684,,,,,,,,,,,,,,,,,,,,,,,,,,,,,,,,,,,,,,,,,5,1,3,23.731,,,,,,,,,,,,,,,,,4,4,4,14.684,,,,,1,5,5,17.324,1,1,4,19.998,,,,,,,,,4,1,4,29.819,,,,,,,,,,,,,63,1,4,6,"2",5,
"R_3FVAo1KrpMCDGim","2022-04-26 12:37:05","2022-04-26 12:43:49",100,403,1,"15",1,1,1,21.18,,,,,,,,,,,,,,,,,,,,,,,,,,,,,,,,,,,,,,,,,7,7,7,27.249,,,,,,,,,,,,,,,,,2,7,7,32.03,7,7,7,13.16,1,7,7,18.383,,,,,,,,,,,,,,,,,7,7,7,15.486,,,,,,,,,,,,,6,6,7,23.173,7,7,7,21.932,,,,,,,,,,,,,,,,,,,,,,,,,,,,,2,2,7,33.287,,,,,1,3,3,45.701,,,,,72,2,5,4,"1",5,
"R_1pA7IKY2yE3aZt2","2022-04-26 12:40:25","2022-04-26 12:44:25",100,240,1,"15",,,,,1,1,1,10.398,2,2,5,11.021,,,,,1,1,4,11.822,,,,,1,1,2,7.74,2,2,5,25.415,,,,,,,,,,,,,,,,,,,,,,,,,,,,,,,,,,,,,,,,,,,,,,,,,5,5,5,10.374,4,4,5,13.891,,,,,,,,,,,,,,,,,3,2,3,13.77,,,,,,,,,4,4,5,14.873,,,,,,,,,,,,,,,,,6,4,5,14.807,,,,,,,,,,,,,,,,,,,,,62,1,6,2,"1",5,
"R_31uDOGz2v4qIePO","2022-04-26 13:46:53","2022-04-26 13:58:31",100,697,1,"15",,,,,,,,,,,,,,,,,,,,,,,,,,,,,,,,,,,,,6,7,6,48.685,,,,,,,,,,,,,6,5,5,44.079,6,5,6,28.098,1,1,1,25.458,,,,,,,,,,,,,1,1,1,49.225,,,,,,,,,6,6,5,41.047,,,,,7,7,7,54.96,2,4,4,39.238,7,7,6,25.332,7,7,5,59.233,,,,,,,,,,,,,,,,,,,,,,,,,,,,,,,,,,,,,,,,,,,,,,,,,74,2,5,5,"1",5,
"R_2QEOPl8yCaT1L1K","2022-04-26 15:38:52","2022-04-26 15:42:35",100,223,1,"15",,,,,1,1,1,9.803,,,,,2,1,1,13.896,,,,,,,,,2,1,1,13.298,,,,,,,,,,,,,,,,,2,1,4,15.6,,,,,,,,,,,,,1,1,1,13.177,,,,,,,,,,,,,,,,,,,,,,,,,,,,,,,,,6,4,4,19.645,,,,,,,,,7,5,5,14.736,,,,,4,3,4,16.741,,,,,,,,,,,,,,,,,,,,,,,,,,,,,4,2,2,13.782,5,2,5,14.409,,,,,47,2,6,4,"1",5,
"R_86bfNYODEeD4xwJ","2022-04-26 15:50:49","2022-04-26 15:57:39",100,410,1,"15",,,,,,,,,,,,,,,,,,,,,,,,,,,,,,,,,1,1,7,23.301,,,,,1,1,1,30.657,7,7,7,15.516,,,,,,,,,,,,,,,,,1,1,1,14.506,,,,,,,,,1,1,1,21.441,,,,,,,,,,,,,7,7,7,15.785,7,7,7,19.238,,,,,,,,,7,7,7,65.741,7,7,7,20.53,,,,,,,,,,,,,,,,,,,,,,,,,,,,,,,,,,,,,,,,,7,7,7,12.452,,2,5,6,"1",5,
"R_2QKXDNGWoNLC4AS","2022-04-26 16:30:41","2022-04-26 16:34:45",100,243,1,"15",,,,,,,,,,,,,1,1,1,9.072,,,,,,,,,1,1,1,9.268,,,,,,,,,1,1,1,37.074,2,1,1,17.216,,,,,1,1,7,14.58,,,,,,,,,,,,,,,,,,,,,,,,,,,,,,,,,,,,,1,1,1,10.426,3,1,1,23.331,,,,,,,,,,,,,5,1,4,11.501,,,,,,,,,,,,,,,,,,,,,,,,,,,,,,,,,,,,,4,1,3,13.289,,,,,4,1,4,15.955,52,2,6,1,"1",5,
"R_1Oxhx5zDcEO4ya9","2022-04-26 17:16:04","2022-04-26 17:25:18",100,553,1,"15",,,,,,,,,1,1,1,34.858,,,,,1,1,1,26.529,,,,,,,,,,,,,1,1,1,17.758,,,,,,,,,1,1,1,12.47,,,,,,,,,,,,,,,,,,,,,,,,,,,,,1,1,1,27.501,,,,,,,,,,,,,,,,,,,,,,,,,,,,,1,1,1,30.434,,,,,,,,,7,7,7,44.259,,,,,,,,,,,,,7,7,7,38.488,7,7,7,27.137,,,,,,,,,,,,,7,7,7,51.538,63,2,3,1,"1",5,
"R_1opcfLbTqTa6OaB","2022-04-26 17:31:03","2022-04-26 17:37:06",100,362,1,"15",,,,,,,,,,,,,,,,,,,,,1,1,4,18.874,,,,,1,1,1,15.427,,,,,1,1,1,11.318,,,,,,,,,,,,,,,,,,,,,,,,,,,,,1,1,1,26.004,1,1,1,17.973,,,,,,,,,,,,,5,1,1,26.236,7,1,3,18.197,,,,,,,,,4,1,3,24.027,,,,,,,,,,,,,,,,,,,,,,,,,,,,,,,,,,,,,1,1,3,24.542,7,6,5,63.482,,,,,,,,,57,2,3,1,"1",5,
"R_2UggYwCuVwqxBpZ","2022-04-26 18:02:47","2022-04-26 18:08:38",100,350,1,"15",1,1,1,11.324,,,,,4,4,4,19.77,2,6,6,25.635,,,,,,,,,,,,,,,,,,,,,6,6,6,15.644,,,,,,,,,,,,,,,,,,,,,,,,,1,1,1,17.107,,,,,,,,,,,,,,,,,,,,,,,,,7,5,5,19.973,,,,,2,1,1,33.86,,,,,,,,,,,,,,,,,,,,,,,,,,,,,,,,,6,6,3,16.642,,,,,2,1,6,18.741,,,,,7,4,4,17.93,,,,,,1,6,5,"1",5,
"R_1DYeUSzZWGW7Y96","2022-04-26 18:47:25","2022-04-26 18:55:47",100,502,1,"15",,,,,,,,,,,,,,,,,,,,,,,,,2,7,7,47.283,,,,,7,7,7,30.147,,,,,,,,,,,,,,,,,,,,,7,1,4,50.453,1,1,4,13.515,,,,,,,,,,,,,1,4,2,124.244,,,,,7,7,7,12.869,1,7,7,30.093,,,,,7,7,7,12.982,,,,,,,,,,,,,,,,,,,,,,,,,,,,,,,,,1,1,1,15.986,,,,,,,,,,,,,1,1,2,40.937,,,,,,,,,70,1,6,5,"1",3,
"R_1FbPB1l2zk6bM2P","2022-04-26 19:23:25","2022-04-26 19:29:12",100,347,1,"15",,,,,2,1,7,26.014,,,,,4,2,7,27.45,,,,,,,,,,,,,,,,,,,,,,,,,,,,,4,2,7,23.356,,,,,3,2,7,22.95,,,,,,,,,3,2,7,27.078,,,,,,,,,,,,,4,4,7,38.847,,,,,,,,,,,,,5,2,7,14.48,4,3,7,19.444,,,,,4,3,7,22.465,,,,,,,,,,,,,,,,,,,,,2,5,7,22.143,,,,,,,,,,,,,,,,,,,,,,,,,,7,5,3,"6",5,
"R_sYWNOz68j5O8rNT","2022-04-26 20:33:07","2022-04-26 20:51:55",100,1127,1,"15",,,,,1,1,1,22.857,,,,,,,,,,,,,,,,,,,,,,,,,,,,,,,,,1,1,7,72.996,1,1,7,39.535,,,,,1,1,7,109.463,,,,,,,,,,,,,1,1,7,22.46,,,,,,,,,,,,,,,,,7,7,7,28.269,,,,,,,,,,,,,,,,,1,1,1,209.812,,,,,,,,,,,,,,,,,,,,,,,,,,,,,1,1,1,25.3,,,,,5,1,1,77.534,,,,,4,1,7,48.658,79,1,2,6,"1",5,
"R_cIPO7lSa84GrurT","2022-04-26 20:47:41","2022-04-26 20:56:13",100,511,1,"15",,,,,,,,,1,1,7,16.961,1,1,1,20.715,7,7,7,19.042,,,,,,,,,,,,,,,,,,,,,,,,,,,,,1,1,1,15.768,,,,,,,,,,,,,,,,,,,,,,,,,5,4,7,38.169,,,,,7,7,7,12.28,,,,,,,,,7,7,7,21.103,7,7,4,19.031,,,,,,,,,,,,,,,,,,,,,7,7,7,11.126,,,,,4,4,7,19.097,,,,,,,,,,,,,,,,,,,,,,,,,58,2,5,5,"1",5,
"R_3M387FdNnDKU8Dx","2022-04-26 21:51:57","2022-04-26 21:59:20",100,443,1,"15",,,,,1,1,1,25.003,,,,,,,,,1,6,1,14.878,1,1,1,19.98,,,,,,,,,,,,,,,,,,,,,,,,,1,1,1,20.037,,,,,,,,,,,,,,,,,,,,,,,,,1,1,1,24.747,,,,,5,1,7,26.844,,,,,1,1,1,20.738,,,,,,,,,,,,,,,,,,,,,,,,,,,,,,,,,,,,,,,,,1,1,1,34.53,,,,,1,1,7,20.899,,,,,,,,,1,1,7,26.03,,1,4,5,"1",4,0
"R_3hfkr6g1YCDkGwX","2022-04-26 21:55:29","2022-04-26 22:00:24",100,294,1,"15",,,,,1,1,1,14.385,,,,,,,,,1,1,1,20.967,,,,,,,,,,,,,,,,,4,4,4,15.02,1,1,1,14.943,,,,,,,,,,,,,,,,,,,,,,,,,,,,,1,1,1,25.447,,,,,3,1,5,16.886,7,5,6,18.554,,,,,,,,,,,,,,,,,,,,,,,,,7,6,7,20.409,,,,,,,,,7,7,7,14.014,,,,,,,,,,,,,,,,,,,,,,,,,6,2,6,15.882,,,,,74,2,5,5,"1,3",5,
"R_2VkEWedoQDmPdku","2022-04-26 22:06:20","2022-04-26 22:14:23",100,483,1,"15",,,,,,,,,1,1,6,35.534,2,1,6,17.281,,,,,,,,,,,,,,,,,2,2,7,22.848,,,,,,,,,,,,,,,,,,,,,4,2,6,27.117,,,,,1,1,2,20.742,,,,,,,,,,,,,,,,,,,,,,,,,3,4,6,54.648,6,6,6,21.16,,,,,,,,,,,,,,,,,5,6,6,35.253,,,,,,,,,,,,,,,,,6,5,5,18.204,,,,,2,2,7,16.319,,,,,,,,,,,,,72,1,3,6,"1",5,
"R_XjObGdhE7ccbsuB","2022-04-26 22:33:06","2022-04-26 22:39:28",100,382,1,"15",,,,,1,1,2,28.877,,,,,,,,,,,,,,,,,,,,,,,,,1,1,1,29.892,,,,,,,,,4,2,3,27.962,,,,,1,1,1,23.305,,,,,,,,,,,,,,,,,,,,,1,1,1,25.197,,,,,,,,,,,,,,,,,,,,,,,,,,,,,,,,,7,3,6,22.375,,,,,6,2,6,31.323,,,,,,,,,7,1,5,16.048,6,1,6,27.721,,,,,,,,,,,,,7,4,6,19.632,,,,,,1,4,4,"1",3,
"R_3D1NQyt0nBgJnjG","2022-04-26 23:17:49","2022-04-26 23:33:33",100,943,1,"15",,,,,,,,,7,7,7,22.296,,,,,,,,,7,7,7,11.832,,,,,1,1,7,27.123,,,,,,,,,,,,,,,,,1,1,1,11.883,,,,,6,1,7,37.976,,,,,,,,,,,,,,,,,,,,,,,,,,,,,,,,,4,4,6,50.588,,,,,,,,,7,1,7,18.529,,,,,,,,,,,,,,,,,,,,,7,1,7,34.619,,,,,,,,,,,,,1,1,1,30.153,7,7,7,26.224,,,,,,,,,47,2,2,4,"6",5,
"R_2Sq6FzKmJRvfis3","2022-04-26 23:43:19","2022-04-26 23:48:52",100,333,1,"15",,,,,1,1,2,15.454,,,,,,,,,,,,,3,2,4,19.689,1,1,1,17.861,,,,,,,,,,,,,1,1,1,15.573,,,,,,,,,,,,,,,,,,,,,,,,,3,1,3,16.633,,,,,,,,,,,,,,,,,,,,,,,,,,,,,3,1,3,16.481,,,,,5,3,5,33.685,,,,,,,,,,,,,5,2,3,15.872,,,,,,,,,,,,,1,1,2,20.027,,,,,4,2,4,56.104,,,,,,,,,,2,4,4,"1",5,0
"R_2ZQASqFoUjyxzEL","2022-04-27 01:00:22","2022-04-27 01:05:20",100,298,1,"15",,,,,,,,,7,7,7,13.125,,,,,7,7,7,15.702,7,6,7,9.057,5,1,1,17.332,,,,,,,,,,,,,,,,,,,,,,,,,,,,,7,3,3,25.315,,,,,,,,,,,,,,,,,,,,,,,,,7,5,5,10.139,,,,,7,3,3,16.163,,,,,,,,,7,3,3,12.916,,,,,,,,,,,,,1,1,1,17.906,,,,,4,4,4,13.422,,,,,,,,,,,,,,,,,,,,,,,,,,,,,62,2,7,4,"6",5,
"R_1YZ2eLvdiHtey41","2022-04-27 01:04:06","2022-04-27 01:13:35",100,568,1,"15",,,,,,,,,,,,,,,,,,,,,,,,,,,,,4,1,7,15.912,,,,,1,1,1,10.367,1,1,4,22.153,,,,,1,1,1,46.746,1,1,1,27.338,,,,,,,,,,,,,,,,,,,,,,,,,7,1,3,20.425,,,,,,,,,,,,,,,,,5,1,2,24.932,,,,,7,5,5,40.684,7,1,3,20.295,,,,,,,,,7,5,7,21.806,,,,,,,,,,,,,,,,,,,,,,,,,,,,,,,,,29,1,5,6,"1",5,
"R_WxSR1RrWEoBnsqJ","2022-04-27 01:04:11","2022-04-27 01:14:55",100,643,1,"15",2,1,3,14.605,2,3,5,18.443,,,,,3,4,5,23.567,,,,,,,,,,,,,,,,,,,,,,,,,,,,,,,,,,,,,,,,,,,,,,,,,,,,,2,1,2,16.797,1,2,4,18.079,,,,,,,,,,,,,,,,,,,,,6,4,7,36.694,,,,,,,,,,,,,,,,,,,,,,,,,,,,,,,,,3,1,3,13.625,,,,,,,,,3,2,5,133.412,4,1,2,55.696,,,,,5,1,2,15.759,28,2,5,6,"1",5,
"R_78VBBArF2JpgNX3","2022-04-27 01:34:40","2022-04-27 01:44:28",100,588,1,"15",2,1,1,20.989,,,,,,,,,,,,,,,,,,,,,,,,,6,5,4,44.371,,,,,4,4,4,35.179,,,,,7,7,7,21.553,,,,,3,3,4,33.191,,,,,,,,,,,,,,,,,,,,,,,,,,,,,,,,,,,,,,,,,5,3,4,47.768,,,,,,,,,,,,,4,1,2,53.563,,,,,2,1,1,24.801,3,3,3,35.999,,,,,1,1,4,29.861,,,,,,,,,,,,,,,,,,,,,,,,,62,1,4,4,"1",5,
"R_1gvarBEsADCMPlw","2022-04-27 01:51:47","2022-04-27 01:55:05",100,197,1,"15",,,,,1,1,1,5.401,,,,,,,,,,,,,,,,,1,1,1,9.639,1,1,1,8.757,4,4,7,10.209,,,,,1,1,1,14.82,,,,,,,,,,,,,,,,,,,,,,,,,,,,,,,,,,,,,,,,,,,,,,,,,5,5,7,16.055,,,,,,,,,,,,,,,,,6,6,7,10.595,,,,,,,,,,,,,7,7,7,12.432,,,,,,,,,7,1,1,11.48,,,,,,,,,1,1,1,10.175,,,,,,1,6,4,"6",7,
"R_1IoTD4lpctxwIyl","2022-04-27 04:23:59","2022-04-27 04:28:18",100,259,1,"15",1,1,1,12.612,,,,,1,1,1,11.047,1,1,1,11.096,,,,,,,,,,,,,,,,,,,,,1,1,1,8.581,,,,,,,,,,,,,,,,,,,,,,,,,,,,,,,,,4,4,7,14.734,,,,,,,,,,,,,,,,,,,,,,,,,,,,,,,,,1,1,1,22.393,,,,,,,,,,,,,1,1,1,14,,,,,7,4,7,19.914,,,,,,,,,4,1,7,15.048,4,2,7,14.962,,,,,,,,,,1,3,1,"1",5,
"R_3O3A9aWvWhDzfEw","2022-04-27 06:44:37","2022-04-27 06:51:12",100,394,1,"15",,,,,1,1,1,14.519,,,,,,,,,,,,,,,,,,,,,,,,,1,1,1,22.118,1,1,1,26.715,,,,,,,,,,,,,,,,,,,,,,,,,,,,,5,5,5,21.608,1,1,6,27.737,,,,,,,,,,,,,4,1,1,26.698,2,1,1,41.344,,,,,,,,,,,,,4,4,5,30.637,,,,,,,,,,,,,,,,,,,,,,,,,4,2,3,25.269,,,,,,,,,4,3,4,36.042,,,,,,,,,,1,5,3,"1",5,
"R_wRUdSt9ISJrEm3v","2022-04-27 07:00:01","2022-04-27 07:12:41",100,760,1,"15",,,,,,,,,,,,,,,,,1,1,1,41.18,,,,,,,,,,,,,,,,,,,,,,,,,4,2,7,41.751,2,1,5,49.415,2,1,1,73.837,2,1,6,52.235,,,,,,,,,,,,,,,,,,,,,,,,,,,,,,,,,,,,,7,4,2,60.459,,,,,7,4,5,19.101,,,,,,,,,,,,,,,,,7,4,4,42.726,,,,,,,,,,,,,,,,,,,,,,,,,6,4,4,50.5,4,1,1,84.56,56,2,2,5,"1",5,
"R_10pJEM5Z3SIKPqq","2022-04-27 07:14:26","2022-04-27 07:18:43",100,256,1,"15",1,1,1,9.09,,,,,1,1,1,13.361,1,1,1,11.022,,,,,,,,,,,,,1,1,1,23.295,,,,,,,,,,,,,,,,,,,,,,,,,,,,,,,,,1,1,1,9.563,,,,,,,,,,,,,6,2,4,37.911,,,,,,,,,,,,,,,,,,,,,,,,,,,,,7,1,1,13.516,1,1,1,24.728,7,7,7,23.292,,,,,7,7,7,12.617,,,,,,,,,,,,,,,,,,,,,,,,,,,,,,2,3,1,"1",5,
"R_2eUKkFbcWRQEUWS","2022-04-27 07:36:13","2022-04-27 07:41:32",100,318,1,"15",,,,,,,,,5,5,7,15.235,,,,,,,,,,,,,,,,,4,4,7,30.419,,,,,,,,,,,,,,,,,1,1,1,18.501,,,,,,,,,,,,,1,1,1,16.059,,,,,1,4,6,15.957,,,,,,,,,,,,,7,6,7,15.444,,,,,,,,,,,,,,,,,,,,,,,,,,,,,,,,,6,6,7,26.17,6,1,5,20.928,4,4,7,13.788,,,,,,,,,,,,,,,,,6,6,7,16.109,,,,,55,1,5,4,"1",5,
"R_bC7olHgMQ6JEaY1","2022-04-27 10:27:39","2022-04-27 10:38:32",100,653,1,"15",,,,,,,,,,,,,,,,,,,,,,,,,,,,,,,,,,,,,,,,,,,,,4,4,4,42.379,1,7,4,35.915,,,,,4,4,7,66.956,,,,,1,1,7,35.174,1,1,1,29.753,,,,,,,,,,,,,,,,,,,,,,,,,7,7,7,39.568,,,,,,,,,,,,,,,,,,,,,7,1,1,53.045,,,,,7,1,1,33.487,1,4,7,43.874,,,,,,,,,,,,,,,,,,,,,1,1,4,67.427,64,6,3,6,"2",5,
"R_2qjF1BGq63PXy9d","2022-04-27 10:39:49","2022-04-27 10:43:50",100,240,1,"15",,,,,,,,,,,,,,,,,,,,,1,1,1,11.762,1,1,3,20.733,,,,,,,,,3,1,5,15.153,,,,,,,,,,,,,,,,,,,,,1,1,1,15.439,1,1,1,11.501,,,,,,,,,,,,,,,,,,,,,,,,,,,,,5,1,7,22.02,6,1,7,16.37,7,1,7,12.401,,,,,,,,,,,,,,,,,5,1,7,14.2,,,,,,,,,,,,,,,,,,,,,,,,,,,,,5,1,7,13.805,66,1,8,2,"1",3,
"R_31h09pPf6Jtj9A9","2022-04-27 12:08:02","2022-04-27 12:13:50",100,348,1,"15",,,,,,,,,,,,,,,,,2,2,1,23.808,,,,,,,,,,,,,,,,,1,1,2,14.101,1,1,1,16.097,,,,,1,1,1,11.197,,,,,,,,,,,,,,,,,,,,,,,,,1,1,1,17.181,6,4,7,13.684,,,,,5,2,3,16.881,,,,,7,5,6,17.668,,,,,5,1,1,19.358,,,,,,,,,,,,,,,,,,,,,7,5,7,16.011,,,,,,,,,,,,,,,,,,,,,,,,,,,,,64,2,5,4,"1",5,
"R_7NYGwT3aYrhF2xj","2022-04-27 12:26:24","2022-04-27 12:32:42",100,378,1,"15",,,,,,,,,7,7,7,30.428,,,,,,,,,,,,,7,7,7,18.239,,,,,7,7,7,15.282,,,,,,,,,,,,,,,,,1,1,1,30.494,,,,,,,,,,,,,,,,,1,1,1,10.267,,,,,,,,,,,,,7,1,1,21.242,,,,,,,,,,,,,,,,,,,,,4,1,1,30.821,,,,,,,,,1,1,1,18.578,,,,,1,1,1,17.445,,,,,,,,,,,,,,,,,7,1,1,47.735,,,,,50,1,5,4,"6",3,
"R_1DqCdDvhoNlxmuF","2022-04-27 13:11:04","2022-04-27 13:26:30",100,925,1,"15",,,,,,,,,1,1,7,55.531,,,,,,,,,,,,,,,,,,,,,1,1,4,67.601,1,1,1,21.857,,,,,,,,,4,1,4,66.613,,,,,,,,,,,,,,,,,,,,,1,1,4,100.509,,,,,,,,,,,,,7,1,4,63.269,1,1,1,60.762,,,,,,,,,,,,,,,,,7,1,4,33.75,,,,,,,,,,,,,7,7,7,94.794,,,,,,,,,,,,,,,,,,,,,7,7,7,32.59,,,,,55,2,7,1,"6",1,
"R_2QggsvMOswRjKF7","2022-04-27 13:43:23","2022-04-27 13:47:07",100,224,1,"15",1,1,7,9.134,5,5,7,10.76,,,,,,,,,,,,,,,,,,,,,,,,,5,6,7,15.654,,,,,,,,,,,,,,,,,1,6,7,15.778,,,,,,,,,1,1,5,20.883,,,,,,,,,,,,,7,7,7,9.42,,,,,,,,,,,,,,,,,,,,,,,,,,,,,7,7,7,8.613,,,,,,,,,,,,,4,2,5,26.331,,,,,,,,,,,,,2,3,7,15.569,,,,,,,,,6,5,7,21.878,35,2,5,6,"1",5,
"R_O2T0T03hzRTi9MZ","2022-04-27 13:52:29","2022-04-27 13:58:29",100,359,1,"15",,,,,,,,,5,3,7,30.598,,,,,,,,,3,2,5,19.721,,,,,,,,,,,,,4,3,5,19.022,,,,,,,,,,,,,,,,,,,,,,,,,,,,,4,1,5,30.615,,,,,4,3,7,31.65,,,,,,,,,,,,,,,,,,,,,6,3,6,18.359,7,5,7,12.75,5,4,7,19.084,,,,,,,,,5,1,3,25.101,,,,,,,,,,,,,,,,,,,,,,,,,,,,,7,4,7,34.999,,,,,,1,2,5,"1",5,
"R_12n039vOHO0J4oH","2022-04-27 14:34:55","2022-04-27 14:41:56",100,421,1,"15",,,,,,,,,,,,,3,3,7,23.179,,,,,,,,,,,,,4,4,7,29.275,,,,,,,,,,,,,7,7,7,16.034,1,1,4,21.345,,,,,,,,,1,1,1,30.271,,,,,,,,,,,,,,,,,,,,,6,6,7,20.401,7,7,7,14.164,6,6,7,26.36,,,,,,,,,,,,,,,,,,,,,,,,,,,,,,,,,,,,,1,6,7,19.139,,,,,,,,,,,,,5,5,7,41.001,,,,,,,,,51,1,3,5,"1,2,3,4,5",5,
"R_3khAreHjMlpzDKj","2022-04-27 15:29:21","2022-04-27 15:39:59",100,637,1,"15",,,,,1,1,1,22.831,1,1,1,26.585,1,1,1,11.284,1,5,7,125.153,1,1,1,15.261,,,,,,,,,,,,,,,,,,,,,,,,,,,,,,,,,,,,,,,,,,,,,,,,,,,,,,,,,,,,,,,,,,,,,,,,,,,,,,,,,,,,,7,7,7,29.776,,,,,7,7,7,114.42,,,,,,,,,,,,,,,,,,,,,7,7,7,13.84,2,2,2,59.709,,,,,,,,,7,7,7,23.527,,1,3,1,"1",5,
"R_2pVx3BLS8DV4zDx","2022-04-27 16:34:23","2022-04-27 16:41:27",100,423,1,"15",3,5,6,31.139,,,,,,,,,,,,,,,,,,,,,1,1,1,9.065,1,1,1,13.27,,,,,,,,,,,,,,,,,,,,,4,1,1,29.845,,,,,,,,,5,5,5,18.992,,,,,,,,,,,,,,,,,,,,,1,1,1,11.059,,,,,1,1,1,48.691,4,1,1,22.745,,,,,,,,,,,,,,,,,5,5,5,28.712,3,1,1,33.072,,,,,,,,,,,,,,,,,,,,,,,,,,,,,,,,,36,2,4,3,"1",5,
"R_3q8p9OOy2V5jKTp","2022-04-27 16:22:47","2022-04-27 17:31:05",100,4097,1,"15",,,,,,,,,7,7,7,168.576,5,5,2,56.6,,,,,6,7,7,63.035,,,,,,,,,,,,,,,,,,,,,7,7,7,148.189,,,,,,,,,,,,,,,,,1,1,2,69.917,,,,,,,,,,,,,,,,,,,,,7,7,5,95.464,,,,,,,,,,,,,,,,,,,,,,,,,7,6,7,51.174,2,1,1,61.388,,,,,,,,,,,,,,,,,7,1,1,47.777,,,,,,,,,,,,,7,1,2,60.559,75,1,3,4,"1",5,
"R_1hya3nNCqexbfOW","2022-04-27 17:38:05","2022-04-27 17:42:25",100,260,1,"15",,,,,1,1,1,8.064,1,1,1,12.427,3,1,5,19.876,,,,,,,,,1,1,1,11.92,,,,,,,,,,,,,,,,,,,,,,,,,,,,,,,,,,,,,1,1,1,14.632,,,,,,,,,,,,,5,1,5,15.722,4,1,5,21.153,,,,,,,,,,,,,,,,,,,,,3,1,5,27.948,,,,,,,,,,,,,,,,,,,,,6,1,5,17.838,,,,,,,,,,,,,,,,,,,,,6,5,7,19.888,51,1,3,2,"1",5,
"R_1n8Sv7h4zOQKG3C","2022-04-27 17:53:32","2022-04-27 17:58:24",100,291,1,"15",,,,,,,,,,,,,,,,,,,,,4,4,4,15.387,,,,,3,3,3,19.98,5,5,6,23.211,,,,,1,1,2,15.861,,,,,,,,,,,,,,,,,,,,,,,,,,,,,,,,,1,1,2,18.14,,,,,,,,,,,,,7,7,7,12.478,,,,,,,,,,,,,6,6,6,13.683,,,,,,,,,,,,,,,,,,,,,,,,,7,1,4,21.714,,,,,2,1,2,20.822,,,,,,,,,2,2,3,35.679,60,2,6,5,"1",5,
"R_3oYKgsblHTfybC7","2022-04-27 18:01:38","2022-04-27 18:11:14",100,576,1,"15",,,,,,,,,,,,,,,,,,,,,,,,,,,,,,,,,6,4,5,34.441,,,,,,,,,,,,,7,4,2,24.266,,,,,3,2,2,83.372,1,1,1,37.87,,,,,,,,,5,4,5,119.721,,,,,,,,,,,,,,,,,,,,,,,,,,,,,,,,,,,,,3,2,2,91.41,3,1,1,19.069,4,4,2,20.14,3,1,1,31.547,,,,,,,,,,,,,,,,,,,,,,,,,6,3,2,27.589,,,,,53,1,6,3,"2",5,
"R_3HLKOkf3oZ0j8b8","2022-04-27 18:06:45","2022-04-27 18:11:52",100,307,1,"15",,,,,,,,,,,,,,,,,1,1,1,10.822,,,,,1,1,1,13.13,,,,,,,,,,,,,,,,,,,,,,,,,2,1,1,23.928,,,,,,,,,1,1,1,22.899,1,1,1,12.414,,,,,,,,,,,,,2,1,3,32.245,2,2,2,18.816,,,,,,,,,,,,,,,,,,,,,,,,,,,,,,,,,,,,,7,4,4,20.368,6,4,4,23.22,,,,,7,4,6,18.393,,,,,,,,,,,,,,,,,57,2,5,2,"1",5,
"R_1NleIXI6fYg6VX6","2022-04-27 18:45:41","2022-04-27 18:56:19",100,638,1,"15",,,,,1,1,1,54.912,,,,,1,1,1,26.143,,,,,,,,,,,,,,,,,1,1,4,37.401,,,,,,,,,,,,,,,,,,,,,,,,,1,1,5,27.642,,,,,4,5,6,28.299,,,,,,,,,,,,,,,,,,,,,6,5,7,29.915,,,,,,,,,,,,,,,,,,,,,,,,,7,7,7,30.739,4,4,7,28.8,,,,,,,,,7,6,7,33.997,,,,,,,,,,,,,,,,,6,6,7,24.111,67,1,3,1,"2",3,
"R_2DRITGsB2FAmnsj","2022-04-27 19:29:48","2022-04-27 19:47:46",100,1078,1,"15",,,,,1,1,1,10.59,,,,,2,1,7,16.857,,,,,,,,,,,,,,,,,,,,,,,,,,,,,1,1,1,18.591,,,,,,,,,1,1,1,12.69,,,,,,,,,,,,,2,1,1,28.672,,,,,,,,,6,1,7,45.839,,,,,,,,,,,,,,,,,,,,,,,,,7,1,7,16.002,,,,,5,1,7,25.737,,,,,,,,,,,,,,,,,,,,,4,1,6,24.176,,,,,,,,,7,1,1,15.684,70,1,6,1,"6",5,
"R_3lESqNRsy8jMtZb","2022-04-27 20:23:30","2022-04-27 20:31:41",100,490,1,"15",,,,,,,,,,,,,,,,,,,,,,,,,,,,,,,,,4,4,5,30.893,,,,,,,,,,,,,1,1,1,31.261,,,,,5,5,6,34.684,,,,,1,2,3,35.138,4,2,1,29.266,,,,,,,,,,,,,,,,,,,,,,,,,,,,,,,,,,,,,,,,,7,7,6,25.014,,,,,5,1,5,32.042,7,6,4,27.297,7,4,5,29.268,,,,,7,6,4,35.934,,,,,,,,,,,,,,,,,,,,,69,1,1,5,"1",5,
"R_1hPYyQndoWsuHZR","2022-04-27 20:37:03","2022-04-27 20:43:47",100,403,1,"15",,,,,1,1,7,18.841,5,4,7,37.259,2,2,7,22.064,,,,,,,,,,,,,,,,,,,,,,,,,,,,,,,,,,,,,,,,,5,4,7,31.719,,,,,,,,,3,2,7,17.864,,,,,,,,,3,2,7,20.623,,,,,,,,,,,,,,,,,,,,,,,,,,,,,5,3,7,19.147,,,,,4,3,7,26.562,,,,,3,3,7,22.751,,,,,,,,,,,,,,,,,,,,,,,,,2,2,7,21.892,,1,3,5,"1",5,
"R_29aAKkErupuB2zO","2022-04-27 20:43:59","2022-04-27 20:48:50",100,290,1,"15",,,,,,,,,7,7,7,21.031,,,,,,,,,,,,,1,1,1,16.214,,,,,,,,,,,,,,,,,,,,,,,,,,,,,,,,,1,1,1,13.889,1,1,1,18.427,,,,,1,7,4,19.069,,,,,,,,,,,,,7,7,7,19.733,,,,,,,,,,,,,7,7,7,9.724,7,7,7,18.671,7,7,7,9.093,,,,,,,,,,,,,,,,,,,,,7,7,7,32.978,,,,,,,,,,,,,,,,,,,,,37,2,3,4,"6",5,
"R_2tDwtA7Lq0911DR","2022-04-27 21:08:37","2022-04-27 21:13:45",100,307,1,"15",1,2,3,18.22,,,,,,,,,,,,,,,,,,,,,,,,,3,2,5,16.241,,,,,4,2,2,20.038,,,,,1,2,6,15.151,,,,,,,,,,,,,,,,,,,,,,,,,,,,,6,5,5,16.276,7,1,2,18.629,6,3,5,17.791,7,4,3,24.96,,,,,,,,,,,,,,,,,,,,,,,,,6,3,3,17.704,,,,,3,3,2,16.145,,,,,,,,,,,,,,,,,,,,,,,,,,,,,,,,,54,1,3,4,"1",5,
"R_2PBaxHyfmzbOsXR","2022-04-27 21:54:33","2022-04-27 22:01:06",100,393,1,"15",,,,,,,,,7,7,7,12.605,,,,,,,,,,,,,,,,,5,7,7,30.926,,,,,,,,,1,1,1,25.197,,,,,,,,,,,,,,,,,1,1,1,9.31,,,,,,,,,7,2,7,27.872,,,,,,,,,,,,,,,,,,,,,,,,,7,1,7,17.075,5,1,5,18.528,,,,,,,,,,,,,5,5,7,58.566,,,,,,,,,,,,,7,1,4,17.126,,,,,,,,,1,1,3,20.737,,,,,,,,,,2,5,3,"1,4,5,6",5,
"R_1g29SL7GCJO3EcK","2022-04-28 06:12:16","2022-04-28 06:17:42",100,326,1,"15",,,,,,,,,,,,,,,,,,,,,,,,,,,,,,,,,,,,,,,,,,,,,1,1,1,11.525,1,1,1,17.911,,,,,1,1,1,11.488,1,1,1,14.835,,,,,1,1,1,21.743,,,,,,,,,7,4,4,26.906,1,1,1,17.031,,,,,6,1,1,30.745,1,1,1,26.707,,,,,,,,,,,,,,,,,,,,,5,6,3,20.898,,,,,,,,,,,,,,,,,,,,,,,,,,,,,,,,,,,,,,2,6,2,"2",5,
"R_1nPyVqrTYVjQqis","2022-04-28 06:18:24","2022-04-28 06:22:48",100,263,1,"15",1,1,1,13.919,,,,,,,,,,,,,,,,,,,,,,,,,,,,,,,,,1,1,1,13.939,4,1,5,19.28,,,,,,,,,1,1,5,41.062,,,,,,,,,1,1,1,13.249,,,,,,,,,,,,,4,1,6,20.663,,,,,5,1,5,17.677,,,,,,,,,4,4,7,14.802,,,,,,,,,5,1,1,17.915,4,1,1,15.908,,,,,,,,,,,,,,,,,,,,,,,,,,,,,,,,,,,,,,,,,65,2,3,1,"1",5,
"R_21bkExs4Jwa1p6N","2022-04-28 06:23:12","2022-04-28 06:23:27",100,14,1,",15",,,,,,,,,,,,,,,,,,,,,,,,,,,,,,,,,,,,,,,,,,,,,,,,,,,,,,,,,,,,,,,,,,,,,,,,,,,,,,,,,,,,,,,,,,,,,,,,,,,,,,,,,,,,,,,,,,,,,,,,,,,,,,,,,,,,,,,,,,,,,,,,,,,,,,,,,,,,,,,,,,,,,"",,
"R_RdWw4NNBj0PvdjX","2022-04-28 07:12:06","2022-04-28 07:17:48",100,341,1,"15",1,1,1,15.28,1,1,1,14.87,,,,,,,,,,,,,1,1,1,11.74,,,,,,,,,,,,,,,,,,,,,,,,,,,,,,,,,1,1,1,15.051,,,,,,,,,,,,,2,1,1,21.339,,,,,7,7,7,15.423,7,5,4,41.021,,,,,,,,,7,7,7,27.736,,,,,7,7,7,11.062,,,,,,,,,,,,,,,,,,,,,,,,,,,,,,,,,1,1,1,24.063,,,,,,,,,,,,,,,,,65,1,2,5,"1",4,
"R_3nkj0iegVvsQvFo","2022-04-28 08:26:11","2022-04-28 08:29:40",100,208,1,"15",,,,,,,,,,,,,,,,,,,,,,,,,,,,,1,1,1,10.956,1,1,1,8.556,4,4,4,12.883,,,,,1,1,1,9.06,,,,,,,,,,,,,,,,,1,1,1,11.731,,,,,,,,,,,,,,,,,7,7,7,18.134,,,,,5,5,7,12.516,,,,,,,,,,,,,,,,,,,,,1,1,1,10.289,,,,,,,,,7,1,7,14.404,,,,,,,,,,,,,,,,,,,,,6,1,1,21.423,,,,,44,1,5,6,"1",5,
"R_yEk9JylxPqMNnjj","2022-04-28 09:20:48","2022-04-28 09:21:19",100,31,1,"2",,,,,,,,,,,,,,,,,,,,,,,,,,,,,,,,,,,,,,,,,,,,,,,,,,,,,,,,,,,,,,,,,,,,,,,,,,,,,,,,,,,,,,,,,,,,,,,,,,,,,,,,,,,,,,,,,,,,,,,,,,,,,,,,,,,,,,,,,,,,,,,,,,,,,,,,,,,,,,,,,,,,,"",,
"R_27BxPiaKZFMxc3o","2022-04-28 09:44:11","2022-04-28 09:49:47",100,335,1,"15",,,,,1,1,1,12.296,,,,,,,,,,,,,,,,,,,,,1,1,1,24.185,,,,,,,,,,,,,,,,,,,,,,,,,,,,,1,1,1,14.066,1,1,1,27.562,,,,,,,,,4,1,1,19.785,5,5,5,16.656,2,1,2,27.309,,,,,,,,,,,,,,,,,,,,,,,,,4,1,4,23.846,,,,,,,,,4,1,3,27.618,,,,,,,,,,,,,,,,,6,4,6,28.002,,,,,,,,,,,,,64,1,5,1,"1",5,
"R_3s55knWm0i8KAaJ","2022-04-28 12:26:10","2022-04-28 12:33:27",100,437,1,"15",,,,,,,,,,,,,,,,,,,,,,,,,,,,,2,3,3,31.855,,,,,6,6,4,33.419,1,3,4,38.914,,,,,1,1,1,26.925,,,,,7,4,5,25.151,,,,,,,,,,,,,,,,,,,,,,,,,,,,,,,,,,,,,,,,,,,,,7,6,5,28.078,,,,,7,7,5,23.319,,,,,,,,,7,7,7,22.945,,,,,6,3,5,24.947,,,,,,,,,2,1,1,27.833,,,,,,,,,,,,,76,1,5,5,"1",2,
"R_2ZHoXrs3HvwvUQp","2022-04-28 13:15:37","2022-04-28 13:25:39",100,602,1,"15",1,1,1,36.729,3,3,7,48.425,,,,,5,4,7,63.927,,,,,,,,,1,1,1,19.395,,,,,,,,,,,,,,,,,,,,,,,,,,,,,,,,,,,,,,,,,,,,,5,1,4,58.261,,,,,,,,,,,,,,,,,,,,,7,7,7,33.079,,,,,,,,,,,,,,,,,7,7,7,42.476,,,,,,,,,,,,,,,,,,,,,,,,,1,1,1,16.683,4,1,1,41.897,7,7,7,17.952,,,,,75,2,2,6,"1",3,
"R_1MRt9PVEaEcrS6Z","2022-04-28 13:25:01","2022-04-28 13:30:03",100,301,1,"15",,,,,,,,,,,,,,,,,,,,,,,,,,,,,2,3,7,26.866,1,1,5,21.112,,,,,,,,,,,,,,,,,,,,,,,,,1,1,1,14.22,,,,,5,1,4,22.397,,,,,1,1,1,16.024,,,,,,,,,,,,,,,,,,,,,,,,,,,,,,,,,,,,,,,,,7,5,7,14.081,7,7,7,15.197,3,4,7,22.154,7,5,7,15.286,,,,,2,1,1,15.986,,,,,,,,,,,,,,,,,69,2,8,2,"1",5,
"R_1Nhl16Fy8kR3fqs","2022-04-28 13:48:36","2022-04-28 13:54:25",100,349,1,"15",,,,,3,1,7,16.5,,,,,,,,,,,,,,,,,,,,,,,,,5,4,7,16.334,,,,,4,1,4,25.969,,,,,,,,,,,,,,,,,,,,,4,1,7,13.149,1,1,7,10.669,,,,,,,,,,,,,,,,,,,,,,,,,,,,,7,1,4,21.318,,,,,,,,,,,,,4,1,7,15.678,,,,,4,1,7,11.929,,,,,,,,,,,,,3,1,7,14.154,1,1,7,71.801,,,,,,,,,,,,,52,2,5,4,"6",5,
"R_OpWenYz54Nj8IuZ","2022-04-28 14:08:49","2022-04-28 14:13:40",100,290,1,"15",2,1,1,16.614,,,,,,,,,2,1,7,17.134,,,,,,,,,,,,,,,,,,,,,5,4,7,14.928,1,1,1,14.871,,,,,,,,,,,,,3,4,7,28.081,,,,,,,,,,,,,,,,,,,,,,,,,,,,,5,5,7,14.738,,,,,,,,,,,,,,,,,5,7,7,12.65,,,,,,,,,,,,,1,1,7,15.555,,,,,2,1,7,24.77,,,,,,,,,,,,,,,,,,,,,7,7,7,15.978,51,1,5,4,"1",5,
"R_a2AugKU9AwyjYiJ","2022-04-28 14:10:50","2022-04-28 14:14:17",100,206,1,"15",,,,,,,,,,,,,,,,,,,,,5,5,7,12.623,,,,,4,4,7,14.516,,,,,,,,,,,,,6,6,7,9.851,,,,,,,,,,,,,,,,,,,,,,,,,1,1,7,8.176,7,7,7,12.224,,,,,,,,,,,,,,,,,,,,,,,,,7,7,7,17.423,,,,,,,,,7,7,7,7.384,1,1,7,11.929,,,,,,,,,,,,,,,,,,,,,1,5,7,12.874,7,6,7,12.97,,,,,,,,,43,2,4,6,"1",5,
"R_2cC6pTcpNw86A07","2022-04-28 14:06:42","2022-04-28 14:16:54",100,611,1,"15",,,,,,,,,,,,,1,1,1,29.795,,,,,,,,,,,,,,,,,,,,,,,,,,,,,,,,,1,1,1,21.409,1,1,1,32.856,,,,,1,1,1,23.877,,,,,,,,,4,3,4,23.922,,,,,,,,,,,,,6,4,2,29.005,,,,,,,,,,,,,,,,,,,,,7,7,7,21.276,,,,,,,,,,,,,,,,,,,,,,,,,,,,,,,,,4,4,3,21.281,6,5,7,21.564,5,3,3,32.804,,2,3,6,"1,3",5,
"R_1PdcJE4Jd2mdFGJ","2022-04-28 15:24:20","2022-04-28 15:30:46",100,386,1,"15",,,,,,,,,7,7,7,15.303,,,,,,,,,,,,,,,,,1,1,1,21.717,6,3,7,28.641,4,4,7,16.7,,,,,,,,,,,,,,,,,7,1,7,32.448,,,,,,,,,,,,,,,,,,,,,,,,,5,5,7,26.037,,,,,1,1,4,42.526,,,,,,,,,,,,,4,4,7,19.516,,,,,,,,,,,,,,,,,,,,,4,4,7,15.025,,,,,,,,,,,,,,,,,,,,,1,1,7,27.958,,1,2,4,"1",5,
"R_2zRR0laWqzCjyKr","2022-04-28 15:22:22","2022-04-28 15:31:15",100,532,1,"15",,,,,,,,,,,,,,,,,,,,,,,,,,,,,4,4,5,35.046,,,,,4,5,7,27.911,1,1,7,29.843,,,,,4,3,4,37.642,,,,,,,,,,,,,1,1,4,37.118,,,,,,,,,,,,,7,5,1,22.556,,,,,,,,,,,,,,,,,,,,,7,7,7,24.717,7,3,7,53.224,,,,,,,,,7,4,7,33.401,,,,,7,5,1,31.995,,,,,,,,,,,,,,,,,,,,,,,,,,,,,75,2,3,4,"1",5,
"R_3Ot3vOj3svhyWJj","2022-04-28 16:00:59","2022-04-28 16:09:33",100,514,1,"15",,,,,,,,,,,,,1,1,2,43.286,1,1,2,44.821,1,1,4,34.701,,,,,,,,,,,,,,,,,,,,,,,,,,,,,4,1,7,34.153,,,,,,,,,,,,,,,,,1,1,1,22.67,,,,,,,,,,,,,,,,,,,,,,,,,,,,,,,,,,,,,7,4,6,55.544,,,,,,,,,,,,,7,7,7,17.363,,,,,,,,,,,,,2,1,6,33.488,1,1,2,29.073,7,4,7,29.857,,,,,62,6,,2,"1",5,
"R_bI55mzDupVxqkwh","2022-04-28 16:17:21","2022-04-28 16:24:23",100,421,1,"15",,,,,,,,,,,,,,,,,7,7,7,24.291,,,,,,,,,,,,,,,,,,,,,,,,,,,,,1,1,1,18.354,,,,,,,,,,,,,1,1,1,34.632,4,1,1,30.382,1,1,1,29.319,,,,,,,,,,,,,7,7,7,15.666,7,7,7,17.863,,,,,,,,,,,,,,,,,7,7,7,17.313,,,,,,,,,,,,,,,,,,,,,,,,,,,,,1,1,4,27.081,,,,,7,7,7,19.247,,,,,61,1,4,4,"1",5,
"R_1EcW6GjTF68ZuoW","2022-04-28 16:39:35","2022-04-28 16:45:23",100,347,1,"15",,,,,,,,,,,,,,,,,6,1,7,20.445,,,,,,,,,,,,,5,1,5,28.028,,,,,,,,,,,,,1,1,1,17.152,1,1,3,22.503,,,,,,,,,,,,,,,,,1,1,1,18.172,,,,,,,,,,,,,2,1,1,33.841,,,,,,,,,,,,,7,1,7,15.196,7,7,7,51.834,7,1,7,11.411,,,,,,,,,,,,,,,,,3,1,5,20.958,,,,,,,,,,,,,,,,,,,,,,,,,,2,6,4,"1",5,
"R_1Kg9OQxU8dPbEuf","2022-04-28 16:52:18","2022-04-28 17:00:31",100,492,1,"15",,,,,4,1,6,46.784,,,,,,,,,,,,,,,,,4,1,1,16.427,,,,,,,,,4,1,4,37.916,4,1,1,22.85,,,,,,,,,,,,,4,1,1,46.666,,,,,,,,,,,,,,,,,,,,,5,1,2,35.202,,,,,,,,,,,,,,,,,4,1,1,20.832,,,,,,,,,,,,,,,,,,,,,,,,,,,,,,,,,6,1,1,36.558,4,1,1,16.012,,,,,4,1,2,22.673,,,,,,,,,,1,4,4,"1",5,
"R_3KJEUUKfS90RhKn","2022-04-28 16:09:00","2022-04-28 17:06:02",100,3422,1,"15",,,,,,,,,2,1,3,22.955,,,,,,,,,,,,,,,,,3,2,5,36.036,,,,,5,4,7,23.452,,,,,,,,,,,,,,,,,,,,,,,,,2,1,2,457.22,6,5,5,18.613,,,,,,,,,6,4,7,29.715,,,,,7,6,7,19.316,,,,,5,6,7,28.025,,,,,,,,,,,,,,,,,,,,,2,1,5,35.834,,,,,,,,,,,,,4,5,6,22.587,,,,,,,,,,,,,,,,,,,,,,1,5,3,"1",5,
"R_1DLLN8QNzrbXDSl","2022-04-28 17:56:42","2022-04-28 18:01:28",100,286,1,"15",1,1,7,11.959,,,,,,,,,1,5,7,29.43,,,,,,,,,,,,,,,,,2,2,4,36.182,,,,,,,,,,,,,1,1,7,14.126,,,,,2,1,5,14.506,,,,,,,,,,,,,,,,,,,,,,,,,,,,,7,7,7,12.442,,,,,,,,,,,,,,,,,,,,,7,7,7,13.066,,,,,,,,,7,7,7,17.762,7,1,4,28.26,3,2,7,18.734,,,,,,,,,,,,,,,,,,,,,,,,,58,1,5,6,"1",5,
"R_1OJEfXXG7qqhNTP","2022-04-28 18:05:15","2022-04-28 18:14:00",100,525,1,"15",1,1,1,13.736,,,,,,,,,,,,,,,,,,,,,,,,,3,1,3,76.087,,,,,,,,,,,,,,,,,3,1,1,17.558,,,,,,,,,1,1,1,23.648,,,,,,,,,,,,,2,1,1,26.293,,,,,,,,,,,,,3,1,3,32.68,,,,,,,,,,,,,,,,,7,1,1,16.735,,,,,,,,,,,,,7,1,3,37.607,,,,,,,,,,,,,,,,,,,,,7,1,1,53.986,7,1,6,88.799,73,2,6,2,"1",5,
"R_7VEfVnqeiTYZTd7","2022-04-28 18:58:49","2022-04-28 19:05:57",100,427,1,"15",,,,,,,,,1,1,7,21.824,,,,,,,,,1,1,7,14.688,,,,,,,,,1,1,4,50.749,,,,,,,,,1,1,7,16.25,,,,,,,,,,,,,,,,,1,1,1,17.854,,,,,,,,,,,,,,,,,,,,,,,,,,,,,,,,,,,,,4,1,7,23.023,,,,,,,,,,,,,,,,,1,1,7,17.03,,,,,7,7,7,22.054,,,,,7,7,7,12.026,1,1,7,21.526,,,,,,,,,,,,,65,2,6,1,"1",5,
"R_3Pp3UW5IrBN0BEq","2022-04-28 19:20:34","2022-04-28 19:20:40",100,6,1,"Q5",,,,,,,,,,,,,,,,,,,,,,,,,,,,,,,,,,,,,,,,,,,,,,,,,,,,,,,,,,,,,,,,,,,,,,,,,,,,,,,,,,,,,,,,,,,,,,,,,,,,,,,,,,,,,,,,,,,,,,,,,,,,,,,,,,,,,,,,,,,,,,,,,,,,,,,,,,,,,,,,,,,,,"",,
"R_3nNvxeFI1XCbgEh","2022-04-28 20:32:19","2022-04-28 20:39:13",100,413,1,"15",,,,,,,,,3,2,6,25.14,,,,,,,,,,,,,,,,,,,,,,,,,3,3,6,34.812,,,,,,,,,,,,,,,,,5,3,6,12.982,,,,,1,1,1,11.793,,,,,2,2,6,23.449,,,,,,,,,,,,,,,,,,,,,,,,,5,6,5,16.842,6,6,6,12.451,,,,,,,,,,,,,,,,,,,,,,,,,1,1,6,10.278,7,7,7,12.122,,,,,,,,,,,,,6,2,2,14.022,,,,,44,1,3,4,"1",5,
"R_XBwNytyaopsdNXX","2022-04-29 00:33:45","2022-04-29 00:38:12",100,266,1,"15",,,,,,,,,,,,,,,,,,,,,,,,,4,4,4,13.609,3,3,3,11.345,,,,,7,7,7,10.191,,,,,,,,,,,,,,,,,,,,,7,1,6,19.8,,,,,,,,,4,4,4,11.781,,,,,,,,,,,,,,,,,,,,,,,,,,,,,7,5,7,13.68,5,3,6,14.7,,,,,,,,,6,3,4,15.68,,,,,7,1,4,22.969,,,,,,,,,,,,,,,,,7,1,4,15.275,,,,,,,,,64,2,3,5,"1",2,
"R_3oHdUpSslfW2HpK","2022-04-29 00:49:28","2022-04-29 00:56:51",100,443,1,"15",,,,,,,,,,,,,,,,,,,,,3,3,6,26.665,,,,,3,3,6,19.882,5,6,6,17.514,3,4,5,39.327,3,3,6,12.777,,,,,,,,,,,,,,,,,,,,,,,,,,,,,,,,,,,,,,,,,,,,,,,,,7,4,4,52.042,,,,,,,,,,,,,,,,,,,,,4,4,6,22.2,,,,,,,,,6,5,6,28.512,,,,,,,,,,,,,6,4,5,28.603,3,3,5,32.728,,,,,,,,,,1,3,1,"1",5,
"R_3oLqYS9vmDBnIx7","2022-04-29 00:59:27","2022-04-29 01:04:02",100,274,1,"15",,,,,,,,,6,5,7,21.084,4,3,7,17.658,,,,,,,,,1,1,1,13.83,,,,,,,,,,,,,,,,,,,,,,,,,,,,,,,,,,,,,1,3,1,23.941,,,,,,,,,1,1,7,26.633,,,,,5,4,7,25.184,,,,,,,,,,,,,,,,,7,6,7,11.04,,,,,7,5,7,14.388,,,,,,,,,,,,,,,,,,,,,,,,,,,,,,,,,,,,,7,4,7,17.722,5,4,7,33.23,43,2,5,4,"1",5,
"R_3EneENQrLjdntqg","2022-04-29 01:14:14","2022-04-29 01:22:12",100,478,1,"15",,,,,,,,,,,,,,,,,,,,,4,2,6,22.507,,,,,,,,,,,,,,,,,3,2,5,32.438,,,,,,,,,,,,,,,,,1,1,2,32.774,,,,,5,2,4,29.4,,,,,1,1,6,46.522,,,,,5,3,6,31.305,,,,,,,,,,,,,6,4,6,27.639,6,4,6,24.884,,,,,,,,,,,,,,,,,,,,,,,,,,,,,,,,,4,2,4,36.306,,,,,,,,,,,,,4,2,3,57.932,39,1,4,4,"1",5,
"R_xsgxNBOULLrJSPD","2022-04-29 05:14:27","2022-04-29 05:20:41",100,374,1,"15",,,,,,,,,7,7,7,27.398,,,,,,,,,4,1,7,15.851,,,,,4,1,7,25.623,,,,,,,,,1,1,7,17.06,,,,,,,,,,,,,,,,,,,,,,,,,,,,,,,,,5,1,6,29.742,,,,,,,,,6,1,7,27.87,,,,,,,,,,,,,,,,,,,,,,,,,4,1,7,23.113,,,,,,,,,,,,,,,,,4,1,7,24.618,,,,,4,1,7,14.493,3,1,7,27.116,,,,,,,,,,1,5,4,"1",5,
"R_3Dbc84WlI03m5gC","2022-04-29 06:45:29","2022-04-29 06:49:07",100,217,1,"15",1,1,1,12.354,,,,,,,,,,,,,,,,,,,,,1,1,1,7.777,1,1,1,8.728,,,,,,,,,4,3,4,19.424,,,,,,,,,,,,,,,,,,,,,1,1,1,14.214,,,,,,,,,,,,,,,,,,,,,,,,,,,,,,,,,6,3,4,13.25,4,3,4,14.181,,,,,5,1,2,12.667,,,,,,,,,,,,,7,5,5,23.826,,,,,,,,,,,,,1,1,1,13.382,,,,,,,,,,,,,,1,5,1,"1",5,
"R_3POfoIS0EnXHB0U","2022-04-29 06:43:36","2022-04-29 06:51:08",100,451,1,"15",,,,,1,1,1,21.705,,,,,,,,,,,,,1,1,1,27.994,,,,,,,,,,,,,,,,,,,,,,,,,1,1,1,22.81,1,1,1,47.29,1,1,1,32.196,,,,,,,,,,,,,,,,,,,,,,,,,,,,,,,,,7,4,7,21.576,,,,,,,,,,,,,,,,,,,,,7,5,7,34.553,,,,,7,3,7,23.256,,,,,,,,,5,1,4,22.856,,,,,,,,,,,,,7,1,1,29.723,,,,,60,1,4,6,"1",1,
"R_1QDTESFEu13L0Hk","2022-04-29 07:14:23","2022-04-29 07:20:02",100,339,1,"15",,,,,,,,,,,,,,,,,,,,,6,6,7,15.558,1,1,6,14.209,,,,,3,1,7,33.141,,,,,,,,,,,,,,,,,,,,,2,1,5,33.625,,,,,,,,,,,,,6,4,7,26.629,,,,,,,,,6,4,7,25.128,7,7,6,17.184,,,,,,,,,7,7,6,13.82,,,,,,,,,,,,,4,3,7,31.059,,,,,,,,,,,,,4,3,7,16.346,,,,,,,,,,,,,,,,,,,,,,,,,54,1,5,5,"1",5,
"R_2CPOoJhnsQFEjpu","2022-04-29 09:23:20","2022-04-29 09:30:45",100,445,1,"15",,,,,,,,,,,,,3,3,4,20.929,,,,,,,,,,,,,,,,,,,,,,,,,,,,,,,,,,,,,,,,,3,1,3,28.228,1,1,2,21.44,1,1,1,25.236,,,,,,,,,7,7,5,37.478,,,,,,,,,,,,,,,,,,,,,4,3,4,18.532,7,5,6,21.738,,,,,,,,,,,,,,,,,7,7,7,13.066,1,1,1,27.626,,,,,,,,,,,,,,,,,,,,,6,3,4,19.587,,,,,,1,5,6,"1",7,
"R_3jZ0oVHoFmdFnnZ","2022-04-22 13:06:45","2022-04-22 13:12:34",89,349,0,"15",,,,,,,,,,,,,4,1,5,15.356,,,,,,,,,,,,,4,1,4,13.407,4,1,4,16.538,,,,,,,,,,,,,,,,,,,,,4,1,2,15.144,,,,,,,,,,,,,,,,,1,1,1,11.658,,,,,5,3,4,37.068,,,,,,,,,,,,,,,,,,,,,4,1,4,26.789,5,4,5,15.44,,,,,,,,,,,,,5,1,4,19.042,4,1,5,14.216,,,,,,,,,,,,,,,,,,,,,,,,,40,7,4,3,"6",5,
"R_3KuNwTGSVzPqBw2","2022-04-29 19:13:51","2022-04-29 19:24:15",100,624,1,"15",,,,,,,,,,,,,2,1,1,23.267,,,,,,,,,,,,,4,2,4,28.546,,,,,,,,,1,1,1,43.244,,,,,,,,,,,,,,,,,,,,,,,,,4,1,1,18.497,1,1,1,12.957,,,,,,,,,4,3,6,42.713,,,,,,,,,,,,,,,,,,,,,,,,,7,7,7,24.001,,,,,,,,,7,7,7,20.458,,,,,1,1,1,20.344,,,,,,,,,4,4,7,25.564,,,,,,,,,,,,,52,2,5,5,"1,6",5,
"R_1IF3WbrkLM0oQwn","2022-04-23 13:46:06","2022-04-23 13:46:13",21,6,0,"15",,,,,,,,,,,,,,,,,,,,,,,,,,,,,,,,,,,,,,,,,,,,,,,,,,,,,,,,,,,,,,,,,,,,,,,,,,,,,,,,,,,,,,,,,,,,,,,,,,,,,,,,,,,,,,,,,,,,,,,,,,,,,,,,,,,,,,,,,,,,,,,,,,,,,,,,,,,,,,,,,,,,,"",,0
"R_1CwhVqLpHzoWqnJ","2022-04-26 18:54:30","2022-04-26 19:00:08",80,338,0,"15",1,1,1,12.348,,,,,,,,,,,,,5,6,6,21.84,,,,,,,,,,,,,1,1,1,11.984,,,,,,,,,,,,,,,,,,,,,,,,,2,1,1,30.119,,,,,,,,,1,1,3,39.897,,,,,,,,,7,4,5,38.588,7,7,1,14.966,,,,,,,,,,,,,,,,,,,,,,,,,,,,,5,1,1,23.175,,,,,,,,,,,,,,,,,6,1,1,15.723,1,1,1,11.572,,,,,,,,,,,,,,2,5,6,"1",4,
"R_3nNkcbvoX5tO7bC","2022-04-26 21:01:36","2022-04-26 21:05:55",80,259,0,"15",,,,,,,,,,,,,,,,,,,,,,,,,,,,,7,7,7,23.564,,,,,7,7,7,12.566,,,,,7,7,7,10.616,1,1,1,14.214,,,,,,,,,,,,,,,,,7,7,7,13.425,,,,,,,,,,,,,,,,,1,1,2,23.872,,,,,,,,,,,,,,,,,,,,,,,,,,,,,,,,,1,1,2,19.916,7,1,1,26.197,,,,,,,,,1,1,1,31.627,1,1,1,12.419,,,,,,,,,,,,,,1,6,6,"1",5,
"R_1Lzk1dNHvNvo3PX","2022-04-23 14:11:58","2022-04-23 14:18:06",26,367,0,"15",2,1,1,47.26,,,,,,,,,,,,,,,,,,,,,,,,,,,,,,,,,,,,,,,,,,,,,,,,,,,,,,,,,1,1,1,14.822,,,,,,,,,,,,,,,,,4,4,7,109.131,,,,,,,,,2,2,5,62.533,,,,,,,,,,,,,,,,,,,,,,,,,,,,,7,6,7,24.275,,,,,,,,,,,,,,,,,,,,,,,,,,,,,6,4,5,32.691,,,,,"",,
"R_3r00HULpTGWtdIz","2022-04-26 07:42:18","2022-04-26 07:52:10",80,592,0,"15",,,,,,,,,,,,,,,,,,,,,,,,,,,,,,,,,5,4,7,53.207,,,,,1,1,1,33.26,7,7,7,32.618,,,,,,,,,,,,,,,,,,,,,,,,,1,1,1,26.847,1,1,1,74.22,,,,,,,,,,,,,,,,,,,,,,,,,,,,,,,,,,,,,,,,,6,4,7,54.563,6,5,7,63.315,,,,,,,,,6,6,6,39.935,,,,,,,,,4,4,5,43.044,7,7,7,29.885,,,,,66,1,3,6,"1",5,
"R_1FLLtZ9NBJFz2Hx","2022-04-26 21:26:52","2022-04-26 21:30:49",25,236,0,"15",,,,,,,,,,,,,4,4,6,36.354,,,,,,,,,,,,,,,,,,,,,,,,,,,,,,,,,,,,,1,2,7,34.422,,,,,,,,,,,,,,,,,,,,,,,,,,,,,,,,,,,,,,,,,,,,,,,,,,,,,,,,,7,7,7,22.834,7,7,7,50.001,,,,,6,6,7,27.953,,,,,,,,,,,,,,,,,,,,,,,,,7,6,7,27.14,,,,,,,,,"",,
"R_2CKxK1vWX0FJL5U","2022-04-25 23:26:55","2022-04-25 23:27:14",25,18,0,"15",,,,,,,,,,,,,,,,,,,,,,,,,,,,,,,,,,,,,,,,,,,,,,,,,,,,,,,,,,,,,,,,,,,,,,,,,,,,,,,,,,,,,,,,,,,,,,,,,,,,,,,,,,,,,,,,,,,,,,,,,,,,,,,,,,,,,,,,,,,,,,,,,,,,,,,,,,,,,,,,,,,,,"",,
"R_1kUNJut8qkUGAAu","2022-04-26 22:12:30","2022-04-26 22:15:10",25,159,0,"15",,,,,,,,,,,,,,,,,,,,,,,,,,,,,,,,,,,,,,,,,,,,,,,,,,,,,,,,,,,,,,,,,,,,,,,,,3,3,3,73.13,,,,,,,,,7,7,7,49.348,,,,,,,,,,,,,,,,,,,,,,,,,,,,,,,,,,,,,,,,,,,,,,,,,,,,,,,,,,,,,,,,,,,,,,,,,,,,,"",,
"R_3nAU8Cl2I3FFqRd","2022-04-26 11:54:30","2022-04-26 11:54:44",20,14,0,"15",,,,,,,,,,,,,,,,,,,,,,,,,,,,,,,,,,,,,,,,,,,,,,,,,,,,,,,,,,,,,,,,,,,,,,,,,,,,,,,,,,,,,,,,,,,,,,,,,,,,,,,,,,,,,,,,,,,,,,,,,,,,,,,,,,,,,,,,,,,,,,,,,,,,,,,,,,,,,,,,,,,,,"",,
"R_2f8UU27YILvk27O","2022-04-26 06:30:01","2022-04-26 06:31:01",25,59,0,"15",,,,,,,,,,,,,,,,,,,,,,,,,,,,,,,,,,,,,,,,,,,,,,,,,,,,,,,,,,,,,,,,,,,,,,,,,,,,,,,,,,,,,,,,,,,,,,,,,,,,,,,,,,,,,,,,,,,,,,,,,,,,,,,,,,,,,,,,,,,,,,,,,,,,,,,,,,,,,,,,,,,,,"",,
"R_wZanLklw5jUUgHT","2022-04-23 18:37:20","2022-04-23 18:38:19",25,58,0,"15",,,,,,,,,,,,,,,,,,,,,7,7,7,32.101,,,,,,,,,,,,,,,,,,,,,,,,,,,,,,,,,,,,,,,,,,,,,,,,,,,,,,,,,,,,,,,,,,,,,,,,,,,,,,,,,,,,,,,,,,,,,,,,,,,,,,,,,,,,,,,,,,,,,,,,,,,,,,,,,,,,,,,,,,,,,"",,
"R_2dhbRhjfQWHfGVb","2022-04-25 12:45:43","2022-04-25 12:51:12",90,329,0,"15",,,,,3,2,6,29.064,,,,,2,2,5,17.988,,,,,,,,,,,,,,,,,5,3,5,38.76,,,,,,,,,6,3,7,27.659,,,,,,,,,,,,,,,,,,,,,,,,,,,,,1,1,3,19.849,,,,,,,,,,,,,,,,,6,6,7,17.319,,,,,6,4,6,21.125,,,,,,,,,,,,,3,2,5,25.73,7,4,7,19.882,,,,,,,,,,,,,,,,,,,,,,,,,7,5,6,20.15,,,,,64,1,4,5,"1",5,
"R_3n11u8rEukYvJRj","2022-04-27 13:13:14","2022-04-27 13:13:47",20,32,0,"15",,,,,,,,,,,,,,,,,,,,,,,,,,,,,,,,,,,,,,,,,,,,,,,,,,,,,,,,,,,,,,,,,,,,,,,,,,,,,,,,,,,,,,,,,,,,,,,,,,,,,,,,,,,,,,,,,,,,,,,,,,,,,,,,,,,,,,,,,,,,,,,,,,,,,,,,,,,,,,,,,,,,,"",,
"R_A1n34QhO8OKV5U5","2022-04-24 11:46:30","2022-04-24 11:46:53",25,22,0,"15",,,,,,,,,,,,,,,,,,,,,,,,,,,,,,,,,,,,,,,,,,,,,,,,,,,,,,,,,,,,,,,,,,,,,,,,,,,,,,,,,,,,,,,,,,,,,,,,,,,,,,,,,,,,,,,,,,,,,,,,,,,,,,,,,,,,,,,,,,,,,,,,,,,,,,,,,,,,,,,,,,,,,"",,
"R_3R3GkY7gXR4QSFg","2022-04-26 12:16:52","2022-04-26 12:17:32",25,40,0,"15",,,,,,,,,,,,,,,,,,,,,,,,,,,,,,,,,,,,,,,,,,,,,,,,,,,,,,,,,,,,,,,,,,,,,,,,,,,,,,,,,,,,,,,,,,,,,,,,,,,,,,,,,,,,,,,,,,,,,,,,,,,,,,,,,,,,,,,,,,,,,,,,,,,,,,,,,,,,,,,,,,,,,"",,
"R_3nuU5log3bPLpjK","2022-04-27 16:49:08","2022-04-27 16:52:33",25,205,0,"15",,,,,,,,,1,7,7,18.228,1,1,7,19.439,,,,,,,,,,,,,,,,,,,,,,,,,,,,,,,,,,,,,,,,,,,,,,,,,,,,,4,4,4,15.286,,,,,,,,,,,,,,,,,,,,,,,,,,,,,,,,,,,,,6,4,6,35.615,,,,,,,,,6,4,6,23.689,,,,,,,,,,,,,,,,,,,,,,,,,5,3,4,32.55,,,,,,,,,,,,,"",,
"R_2SH5bDYWv37kDAP","2022-04-24 16:27:15","2022-04-24 16:28:48",25,93,0,"15",1,1,1,24.507,,,,,,,,,1,1,1,13.316,,,,,,,,,,,,,,,,,,,,,,,,,,,,,,,,,,,,,,,,,,,,,,,,,,,,,,,,,,,,,,,,,,,,,,,,,,,,,,,,,,,,,,,,,,,,,,,,,7,4,4,29.698,,,,,,,,,,,,,,,,,,,,,,,,,,,,,,,,,,,,,,,,,,,,,,,,,"",,
"R_2640edLxjBMETkU","2022-04-26 16:00:56","2022-04-26 16:07:28",80,391,0,"15",1,1,1,17.705,,,,,7,7,7,17.308,7,1,7,20.351,,,,,,,,,,,,,,,,,,,,,,,,,,,,,7,7,7,13.741,,,,,,,,,,,,,,,,,,,,,,,,,4,1,1,26.529,,,,,,,,,7,1,7,29.435,7,1,4,16.137,,,,,,,,,1,1,1,18.721,,,,,,,,,7,7,7,15.195,,,,,,,,,,,,,,,,,,,,,,,,,,,,,,,,,7,1,1,22.68,,,,,,,,,60,6,5,6,"1",5,
"R_2X0DMhVo4LFGVEC","2022-04-25 12:25:51","2022-04-25 12:36:42",90,651,0,"15",,,,,,,,,,,,,,,,,,,,,,,,,,,,,7,5,7,26.293,,,,,6,4,2,37.311,,,,,,,,,1,3,2,65.511,,,,,,,,,,,,,1,1,1,27.249,,,,,2,2,2,51.79,,,,,,,,,7,6,5,53.281,,,,,,,,,,,,,7,2,2,52.773,,,,,,,,,,,,,,,,,,,,,,,,,7,2,2,78.274,1,1,1,33.448,,,,,,,,,,,,,7,2,2,46.276,,,,,,,,,46,1,5,6,"1",5,
"R_28D30gqj9vfppXH","2022-04-26 11:28:53","2022-04-26 11:32:44",25,230,0,"15",1,1,1,24.9,,,,,,,,,1,1,1,14.841,,,,,,,,,,,,,,,,,,,,,,,,,1,1,1,15.41,,,,,,,,,,,,,1,1,1,22.466,1,1,1,19.148,,,,,,,,,,,,,,,,,,,,,,,,,,,,,,,,,,,,,,,,,,,,,7,7,7,35.33,,,,,,,,,,,,,,,,,,,,,7,7,7,21.97,,,,,,,,,7,1,7,20.767,,,,,,,,,,,,,,,,,"",,
"R_2VCTlesDbKyHxwH","2022-04-26 11:08:24","2022-04-26 11:08:51",25,27,0,"15",,,,,,,,,,,,,,,,,,,,,,,,,,,,,,,,,,,,,,,,,,,,,,,,,,,,,,,,,,,,,,,,,,,,,,,,,,,,,,,,,,,,,,,,,,,,,,,,,,,,,,,,,,,,,,,,,,,,,,,,,,,,,,,,,,,,,,,,,,,,,,,,,,,,,,,,,,,,,,,,,,,,,"",,
"R_xsINdWapistq4sF","2022-04-25 23:29:31","2022-04-25 23:34:06",25,275,0,"15",,,,,1,1,1,25.971,1,1,5,53.583,,,,,,,,,,,,,,,,,,,,,1,1,1,21.257,,,,,,,,,,,,,,,,,7,4,7,26.627,,,,,,,,,,,,,,,,,,,,,1,2,6,27.774,,,,,,,,,,,,,5,5,5,39.059,,,,,,,,,7,6,7,14.484,,,,,,,,,,,,,,,,,,,,,,,,,,,,,,,,,,,,,6,6,7,27.849,,,,,,,,,,,,,,,,,"",,
"R_08GY06bn0P0jQ8V","2022-04-26 16:13:16","2022-04-26 16:18:14",90,297,0,"15",,,,,,,,,,,,,,,,,,,,,,,,,,,,,4,2,2,10.957,4,2,2,11.491,,,,,,,,,,,,,,,,,,,,,4,2,1,22.44,,,,,4,2,2,15.266,4,2,2,14.258,,,,,,,,,,,,,,,,,,,,,,,,,7,2,2,25.638,6,2,2,36.597,,,,,,,,,,,,,,,,,,,,,,,,,,,,,4,2,2,12.28,,,,,,,,,4,2,2,18.501,,,,,4,2,2,23.797,,,,,67,1,,4,"1",5,
"R_82saZmsKR4JaMTL","2022-04-27 21:05:10","2022-04-27 21:08:24",25,194,0,"15",,,,,,,,,,,,,,,,,,,,,,,,,,,,,,,,,,,,,,,,,,,,,,,,,4,1,5,46.55,,,,,,,,,,,,,,,,,4,1,2,58.062,1,1,4,46.933,,,,,,,,,,,,,,,,,,,,,1,1,6,20.512,,,,,,,,,,,,,,,,,,,,,,,,,,,,,,,,,,,,,,,,,,,,,,,,,,,,,,,,,,,,,,,,,"",,
"R_124raSriWM8Yfoo","2022-04-27 02:43:25","2022-04-27 02:46:47",25,202,0,"15",,,,,,,,,,,,,,,,,,,,,,,,,,,,,,,,,,,,,,,,,,,,,1,1,1,11.409,,,,,,,,,5,4,4,27.575,,,,,,,,,1,1,1,16.856,,,,,,,,,,,,,,,,,2,2,2,29.795,,,,,,,,,2,1,2,34.035,,,,,,,,,,,,,1,1,2,22.856,6,5,5,17.372,,,,,,,,,,,,,,,,,,,,,,,,,,,,,,,,,3,5,3,15.595,,,,,"",,
"R_22QATbLXNW5CRr4","2022-04-26 12:18:23","2022-04-26 12:21:29",50,186,0,"15",,,,,,,,,,,,,,,,,,,,,,,,,,,,,,,,,,,,,,,,,1,1,1,11.939,,,,,,,,,,,,,1,1,1,18.443,1,1,1,6.166,1,1,1,17.465,,,,,,,,,1,1,1,11.642,,,,,,,,,,,,,1,1,1,6.534,,,,,,,,,,,,,,,,,,,,,,,,,,,,,,,,,,,,,,,,,1,1,1,7.639,1,1,1,12.814,1,1,1,10.46,,,,,1,1,1,9.932,,,,,,,,,"",,
"R_1g5AvdlyginE9NE","2022-04-26 19:12:33","2022-04-26 19:15:21",25,167,0,"15",,,,,,,,,5,2,7,42.453,,,,,,,,,,,,,,,,,,,,,,,,,,,,,,,,,,,,,1,1,5,36.333,,,,,,,,,,,,,,,,,,,,,,,,,,,,,,,,,,,,,,,,,7,7,7,28.488,,,,,,,,,,,,,,,,,,,,,,,,,,,,,,,,,,,,,,,,,,,,,,,,,,,,,,,,,,,,,,,,,,,,,"",,
"R_1jqWvVEupZJSQa6","2022-04-26 21:05:55","2022-04-26 21:06:18",25,23,0,"15",,,,,,,,,,,,,,,,,,,,,,,,,,,,,,,,,,,,,,,,,,,,,,,,,,,,,,,,,,,,,,,,,,,,,,,,,,,,,,,,,,,,,,,,,,,,,,,,,,,,,,,,,,,,,,,,,,,,,,,,,,,,,,,,,,,,,,,,,,,,,,,,,,,,,,,,,,,,,,,,,,,,,"",,
"R_0GIi6GKgyWhszex","2022-04-28 03:31:01","2022-04-28 03:31:12",25,11,0,"15",,,,,,,,,,,,,,,,,,,,,,,,,,,,,,,,,,,,,,,,,,,,,,,,,,,,,,,,,,,,,,,,,,,,,,,,,,,,,,,,,,,,,,,,,,,,,,,,,,,,,,,,,,,,,,,,,,,,,,,,,,,,,,,,,,,,,,,,,,,,,,,,,,,,,,,,,,,,,,,,,,,,,"",,
"R_yOXd7qN76uWcBH3","2022-04-28 08:28:40","2022-04-28 08:32:19",90,218,0,"15",,,,,,,,,2,2,2,24.449,2,2,3,13.725,,,,,,,,,,,,,,,,,,,,,,,,,,,,,,,,,,,,,4,3,4,12.29,2,2,5,16.457,,,,,,,,,,,,,,,,,1,1,1,13.593,5,3,3,24.168,,,,,,,,,,,,,,,,,,,,,,,,,,,,,7,6,6,12.743,,,,,5,3,2,12.7,,,,,,,,,2,2,5,9.128,,,,,,,,,,,,,5,4,5,12.379,,,,,,,,,,2,1,2,"2",5,
"R_2UgepCpXBp3HVlA","2022-04-28 05:35:45","2022-04-28 05:36:06",20,21,0,"15",,,,,,,,,,,,,,,,,,,,,,,,,,,,,,,,,,,,,,,,,,,,,,,,,,,,,,,,,,,,,,,,,,,,,,,,,,,,,,,,,,,,,,,,,,,,,,,,,,,,,,,,,,,,,,,,,,,,,,,,,,,,,,,,,,,,,,,,,,,,,,,,,,,,,,,,,,,,,,,,,,,,,"",,
"R_z84kyjKHW3rIfXb","2022-04-28 11:58:40","2022-04-28 12:08:15",80,575,0,"15",1,1,1,19.786,,,,,,,,,,,,,,,,,,,,,,,,,,,,,,,,,,,,,,,,,7,7,7,10.932,,,,,7,2,1,25.177,,,,,,,,,1,1,1,30.745,6,2,1,25.894,,,,,,,,,,,,,,,,,6,6,6,27.43,,,,,,,,,,,,,5,5,5,28.974,,,,,,,,,,,,,6,6,6,14.781,5,3,5,31.677,,,,,,,,,,,,,,,,,,,,,4,4,4,42.685,,,,,,,,,65,1,3,4,"1",5,
"R_10IcMMISvA0lHHG","2022-04-28 15:07:18","2022-04-28 15:07:57",25,38,0,"15",,,,,,,,,,,,,,,,,,,,,,,,,,,,,,,,,,,,,,,,,,,,,,,,,,,,,,,,,,,,,,,,,,,,,,,,,,,,,,,,,,,,,,,,,,,,,,,,,,,,,,,,,,,,,,,,,,,,,,,,,,,,,,,,,,,,,,,,,,,,,,,,,,,,,,,,,,,,,,,,,,,,,"",,
"R_25A5AQ0DS8aDfvd","2022-04-26 14:01:25","2022-04-26 14:01:46",20,20,0,"15",,,,,,,,,,,,,,,,,,,,,,,,,,,,,,,,,,,,,,,,,,,,,,,,,,,,,,,,,,,,,,,,,,,,,,,,,,,,,,,,,,,,,,,,,,,,,,,,,,,,,,,,,,,,,,,,,,,,,,,,,,,,,,,,,,,,,,,,,,,,,,,,,,,,,,,,,,,,,,,,,,,,,"",,
"R_shtldgo9rknEHst","2022-04-28 15:41:19","2022-04-28 15:43:04",25,105,0,"15",,,,,,,,,,,,,,,,,,,,,,,,,,,,,,,,,,,,,,,,,2,1,5,18.606,,,,,3,1,4,21.323,,,,,,,,,,,,,,,,,,,,,,,,,,,,,,,,,,,,,,,,,6,5,6,18.91,,,,,,,,,,,,,,,,,,,,,6,5,5,16.04,,,,,,,,,,,,,,,,,,,,,7,1,4,13.576,,,,,,,,,,,,,,,,,,,,,"",,
"R_3iXbWBQO1mEEVhv","2022-04-27 00:08:37","2022-04-27 00:12:41",90,244,0,"15",1,1,1,8.973,,,,,,,,,,,,,,,,,,,,,,,,,,,,,7,7,7,17.034,7,7,7,12.84,,,,,7,7,7,9.863,,,,,,,,,,,,,1,1,1,7.593,,,,,,,,,,,,,,,,,,,,,,,,,,,,,,,,,7,7,7,13.26,,,,,,,,,,,,,,,,,7,7,7,10.42,,,,,,,,,,,,,1,1,2,18.72,4,4,4,11.286,,,,,1,1,1,9.24,,,,,,,,,,,,,,1,5,4,"1",5,
"R_2SidNN6QuJStv3O","2022-04-26 16:37:24","2022-04-26 16:38:16",25,52,0,"15",,,,,,,,,,,,,,,,,,,,,,,,,,,,,,,,,,,,,,,,,,,,,,,,,,,,,,,,,,,,,,,,,,,,,,,,,,,,,,,,,,,,,,,,,,,,,,,,,,,,,,,,,,,,,,,,,,,,,,,,,,,,,,,,,,,,,,,,,,,,,4,1,1,28.201,,,,,,,,,,,,,,,,,,,,,"",,
"R_1gkCqsE8toaytEC","2022-04-28 15:41:48","2022-04-28 15:42:21",25,33,0,"15",,,,,,,,,,,,,,,,,,,,,,,,,,,,,,,,,,,,,,,,,,,,,,,,,,,,,,,,,,,,,,,,,,,,,,,,,,,,,,,,,,,,,,,,,,,,,,,,,,,,,,,,,,,,,,,,,,,,,,,,,,,,,,,,,,,,,,,,,,,,,,,,,,,,,,,,,,,,,,,,,,,,,"",,
"R_1g2DmMhs5OCYeqm","2022-04-26 18:31:50","2022-04-26 18:36:12",80,261,0,"15",,,,,,,,,,,,,,,,,7,7,7,16.628,4,4,4,12.261,,,,,,,,,,,,,,,,,,,,,7,7,7,15.005,,,,,1,1,1,13.96,,,,,,,,,,,,,1,1,1,12.856,,,,,,,,,5,5,5,20.001,,,,,,,,,,,,,,,,,,,,,,,,,1,1,1,12.627,2,2,2,26.716,2,2,2,27.87,,,,,,,,,,,,,,,,,,,,,,,,,,,,,,,,,,,,,7,1,6,22.053,70,1,3,5,"1",5,
"R_23UG6hur7Da4vEL","2022-04-26 16:44:00","2022-04-26 16:47:21",80,200,0,"15",,,,,,,,,,,,,,,,,,,,,,,,,,,,,,,,,5,5,5,12.774,,,,,,,,,7,7,7,22.476,,,,,,,,,1,1,1,13.366,1,1,1,12.468,,,,,,,,,1,1,1,16.941,,,,,,,,,7,7,7,11.612,1,1,1,11.184,,,,,,,,,,,,,,,,,,,,,,,,,,,,,1,1,1,12.276,7,7,7,10.584,,,,,,,,,,,,,,,,,,,,,,,,,7,7,7,11.08,,,,,,2,2,4,"1",4,
"R_sXyrPP0CEl5xToJ","2022-04-27 07:52:29","2022-04-27 08:01:14",80,525,0,"15",,,,,,,,,,,,,,,,,,,,,,,,,1,1,1,38.476,4,1,5,45.733,7,1,7,31.359,,,,,1,1,7,23.889,,,,,,,,,,,,,,,,,,,,,,,,,,,,,1,1,1,36.993,,,,,6,1,6,25.963,,,,,,,,,,,,,,,,,,,,,,,,,,,,,,,,,,,,,1,1,4,41.201,,,,,1,1,1,22.673,,,,,,,,,,,,,1,1,7,32.618,1,1,1,54.722,,,,,,,,,,1,5,4,"1",4,
"R_21syjStIi9vvQfv","2022-04-28 17:35:40","2022-04-28 17:40:10",80,270,0,"15",1,1,1,11.352,,,,,1,1,1,15.313,,,,,,,,,,,,,,,,,2,2,7,15.474,,,,,,,,,,,,,,,,,,,,,,,,,,,,,1,1,1,10.435,,,,,2,1,6,25.149,,,,,,,,,,,,,7,7,7,16.257,,,,,,,,,,,,,,,,,,,,,,,,,,,,,,,,,6,4,6,19.813,,,,,6,1,1,24.846,,,,,,,,,,,,,2,1,7,17.195,,,,,6,1,6,15.493,,,,,63,2,5,6,"1",4,
"R_1GxIoeOtK679gSs","2022-04-27 07:49:26","2022-04-27 07:53:01",25,215,0,"15",,,,,,,,,,,,,,,,,,,,,,,,,,,,,,,,,,,,,,,,,,,,,,,,,4,1,1,22.296,1,1,4,22.594,,,,,1,1,1,11.892,,,,,4,1,1,18.557,,,,,,,,,,,,,5,7,7,26.051,,,,,,,,,,,,,4,4,4,34.441,,,,,,,,,,,,,,,,,,,,,,,,,,,,,1,1,6,12.778,,,,,,,,,,,,,,,,,7,7,5,17.306,,,,,,,,,"",,
"R_3gXFYDsq6tTDSwV","2022-04-27 11:11:03","2022-04-27 11:19:55",25,531,0,"15",,,,,,,,,,,,,,,,,,,,,4,6,6,141.539,,,,,,,,,,,,,,,,,,,,,,,,,,,,,,,,,,,,,,,,,,,,,,,,,,,,,,,,,,,,,,,,,,,,,,,,,,,,,,,,,,,,,,,,,,,,,,,,,,,,,,,,,,,,,,,,,,,,,,,,,4,6,7,255.941,5,6,7,96.413,,,,,,,,,,,,,"",,
"R_2qkItzMmAX32vcU","2022-04-28 17:47:56","2022-04-28 17:48:02",20,6,0,"15",,,,,,,,,,,,,,,,,,,,,,,,,,,,,,,,,,,,,,,,,,,,,,,,,,,,,,,,,,,,,,,,,,,,,,,,,,,,,,,,,,,,,,,,,,,,,,,,,,,,,,,,,,,,,,,,,,,,,,,,,,,,,,,,,,,,,,,,,,,,,,,,,,,,,,,,,,,,,,,,,,,,,"",,
"R_2zIQb3krGIsSRgo","2022-04-28 20:48:27","2022-04-28 20:48:56",25,29,0,"15",,,,,,,,,,,,,,,,,,,,,,,,,,,,,,,,,,,,,,,,,,,,,,,,,,,,,,,,,,,,,,,,,,,,,,,,,,,,,,,,,,,,,,,,,,,,,,,,,,,,,,,,,,,,,,,,,,,,,,,,,,,,,,,,,,,,,,,,,,,,,,,,,,,,,,,,,,,,,,,,,,,,,"",,
"R_OI28dkA66aacLlL","2022-04-28 20:41:33","2022-04-28 20:45:30",90,237,0,"15",,,,,,,,,,,,,,,,,,,,,,,,,,,,,,,,,1,1,1,13.501,,,,,6,2,4,17.881,,,,,2,1,2,16.466,,,,,1,1,1,10.212,,,,,,,,,,,,,,,,,4,2,4,19.272,,,,,6,1,1,13.454,,,,,,,,,,,,,,,,,2,1,2,28.682,6,2,4,13.366,,,,,,,,,4,2,3,22.457,2,1,3,15.612,,,,,,,,,,,,,,,,,,,,,,,,,,,,,,,,,,2,6,3,"1",5,
"R_BCVyVfl5ju9VDeV","2022-04-25 16:47:43","2022-04-25 16:50:11",25,147,0,"15",,,,,,,,,1,1,1,20.424,,,,,,,,,,,,,1,1,1,14.516,,,,,,,,,,,,,,,,,,,,,,,,,,,,,,,,,,,,,,,,,,,,,,,,,,,,,1,1,4,35.67,4,4,6,22.633,,,,,1,1,1,20.311,,,,,,,,,,,,,,,,,,,,,,,,,,,,,,,,,,,,,,,,,,,,,,,,,,,,,,,,,,,,,,,,,,,,,"",,
"R_bBXKvnLGCIf5xSx","2022-04-29 00:19:34","2022-04-29 00:19:56",25,22,0,"15",,,,,,,,,,,,,,,,,,,,,,,,,,,,,,,,,,,,,,,,,,,,,,,,,,,,,,,,,,,,,,,,,,,,,,,,,,,,,,,,,,,,,,,,,,,,,,,,,,,,,,,,,,,,,,,,,,,,,,,,,,,,,,,,,,,,,,,,,,,,,,,,,,,,,,,,,,,,,,,,,,,,,"",,
"R_1kRFNSuy21WP0Re","2022-04-26 12:35:08","2022-04-26 12:42:28",90,440,0,"15",,,,,,,,,,,,,,,,,,,,,,,,,1,1,1,12.701,,,,,4,1,4,31.853,,,,,1,1,1,21.866,,,,,,,,,,,,,,,,,1,1,1,52.9,,,,,,,,,,,,,1,1,1,20.295,,,,,,,,,6,1,4,26.3,,,,,7,5,7,29.848,7,4,5,56.3,,,,,,,,,,,,,,,,,,,,,7,5,7,32.184,,,,,,,,,,,,,,,,,,,,,7,2,4,46.572,,,,,,,,,51,1,5,5,"1",5,
"R_2dSyxT3W8RuqTMm","2022-04-27 13:19:53","2022-04-27 13:24:58",25,305,0,"15",,,,,,,,,,,,,,,,,,,,,,,,,1,1,7,23.732,,,,,,,,,,,,,,,,,7,7,7,28.596,,,,,,,,,,,,,1,1,1,19.279,,,,,,,,,,,,,1,7,1,54.28,,,,,,,,,,,,,,,,,,,,,1,1,1,48.799,1,1,1,28.646,,,,,,,,,,,,,,,,,,,,,,,,,,,,,,,,,,,,,,,,,,,,,,,,,,,,,,,,,"",,
"R_2bWcWFli86IJlgc","2022-04-29 02:25:49","2022-04-29 02:26:27",25,38,0,"15",,,,,,,,,,,,,,,,,,,,,,,,,,,,,,,,,,,,,,,,,,,,,,,,,,,,,,,,,,,,,,,,,,,,,,,,,,,,,,,,,,,,,,,,,,,,,,,,,,,,,,,,,,,,,,,,,,,,,,,,,,,,,,,,,,,,,,,,,,,,,,,,,,,,,,,,,,,,,,,,,,,,,"",,
"R_3CI31l0M6AU8eD7","2022-04-26 12:47:58","2022-04-26 12:48:15",25,17,0,"15",,,,,,,,,,,,,,,,,,,,,,,,,,,,,,,,,,,,,,,,,,,,,,,,,,,,,,,,,,,,,,,,,,,,,,,,,,,,,,,,,,,,,,,,,,,,,,,,,,,,,,,,,,,,,,,,,,,,,,,,,,,,,,,,,,,,,,,,,,,,,,,,,,,,,,,,,,,,,,,,,,,,,"",,
"R_1CqBiC43djlHH0e","2022-04-26 14:23:22","2022-04-26 14:23:52",25,29,0,"15",,,,,,,,,,,,,,,,,,,,,,,,,,,,,,,,,,,,,,,,,,,,,,,,,,,,,,,,,,,,,,,,,,,,,,,,,,,,,,,,,,,,,,,,,,,,,,,,,,,,,,,,,,,,,,,,,,,,,,,,,,,,,,,,,,,,,,,,,,,,,,,,,,,,,,,,,,,,,,,,,,,,,"",,
"R_3MzeN1FqAR4Zpm5","2022-04-29 04:13:18","2022-04-29 04:15:40",25,142,0,"15",,,,,4,1,7,18.733,,,,,,,,,,,,,,,,,,,,,,,,,,,,,,,,,,,,,,,,,,,,,,,,,,,,,,,,,,,,,,,,,,,,,,,,,,,,,,,,,,,,,4,1,7,24.783,,,,,,,,,4,1,7,13.155,,,,,,,,,,,,,,,,,,,,,,,,,,,,,,,,,,,,,4,1,7,50.821,,,,,,,,,,,,,,,,,"",,
"R_3qwmBGlhnIQxRlU","2022-04-26 17:14:50","2022-04-26 17:23:51",90,541,0,"15",,,,,6,5,5,47.553,,,,,,,,,,,,,,,,,6,1,5,28.699,,,,,,,,,,,,,,,,,,,,,,,,,2,1,1,30.268,6,1,1,34.104,,,,,1,1,1,42.728,,,,,,,,,,,,,,,,,,,,,,,,,,,,,4,1,1,35.298,,,,,,,,,,,,,7,1,1,24.236,,,,,,,,,4,1,1,35.825,,,,,4,1,1,22.842,,,,,,,,,,,,,,,,,7,1,1,48.938,,,,,58,1,4,4,"1",5,
"R_2SCS4PMOGzK7eBZ","2022-04-27 15:51:34","2022-04-27 15:51:49",25,15,0,"15",,,,,,,,,,,,,,,,,,,,,,,,,,,,,,,,,,,,,,,,,,,,,,,,,,,,,,,,,,,,,,,,,,,,,,,,,,,,,,,,,,,,,,,,,,,,,,,,,,,,,,,,,,,,,,,,,,,,,,,,,,,,,,,,,,,,,,,,,,,,,,,,,,,,,,,,,,,,,,,,,,,,,"",,
"R_22KBQdW6Syk38Wz","2022-04-26 17:46:58","2022-04-26 17:47:14",20,16,0,"15",,,,,,,,,,,,,,,,,,,,,,,,,,,,,,,,,,,,,,,,,,,,,,,,,,,,,,,,,,,,,,,,,,,,,,,,,,,,,,,,,,,,,,,,,,,,,,,,,,,,,,,,,,,,,,,,,,,,,,,,,,,,,,,,,,,,,,,,,,,,,,,,,,,,,,,,,,,,,,,,,,,,,"",,
"R_2upkqPXo0Kc9grJ","2022-04-27 10:16:10","2022-04-27 10:16:30",20,20,0,"15",,,,,,,,,,,,,,,,,,,,,,,,,,,,,,,,,,,,,,,,,,,,,,,,,,,,,,,,,,,,,,,,,,,,,,,,,,,,,,,,,,,,,,,,,,,,,,,,,,,,,,,,,,,,,,,,,,,,,,,,,,,,,,,,,,,,,,,,,,,,,,,,,,,,,,,,,,,,,,,,,,,,,"",,
"R_1mFoNcAu1LmKZKu","2022-04-27 15:23:52","2022-04-27 15:28:59",90,307,0,"15",,,,,,,,,,,,,,,,,,,,,,,,,,,,,,,,,,,,,3,1,3,33.093,,,,,,,,,,,,,,,,,,,,,1,1,1,22.265,1,1,1,33.423,3,1,1,18.024,3,1,1,41.234,,,,,,,,,,,,,,,,,7,4,4,15.379,,,,,,,,,,,,,,,,,7,4,4,19.173,,,,,7,1,1,13.016,,,,,,,,,,,,,7,2,2,17.018,,,,,,,,,5,1,4,23.617,,,,,,,,,63,1,5,5,"1",5,
"R_2wMqPfC6hikBsQY","2022-04-27 12:52:39","2022-04-27 12:57:27",90,287,0,"15",1,1,1,15.13,,,,,,,,,4,4,4,12.216,,,,,,,,,1,1,1,18.159,5,4,7,17.068,,,,,,,,,1,1,1,33.173,,,,,,,,,,,,,,,,,,,,,,,,,,,,,,,,,,,,,,,,,7,2,7,21.049,,,,,,,,,,,,,,,,,,,,,7,4,7,16.746,,,,,,,,,,,,,,,,,,,,,1,4,4,16.626,,,,,,,,,4,4,7,15.415,7,1,1,14.717,,,,,,,,,51,1,3,5,"1",3,
"R_2xP3tGiMGqUFGlu","2022-04-27 16:26:29","2022-04-27 16:32:26",90,357,0,"15",,,,,,,,,,,,,,,,,4,2,2,35.16,,,,,,,,,,,,,2,1,7,16.902,,,,,,,,,,,,,1,1,7,13.458,,,,,,,,,,,,,,,,,1,1,7,34.672,1,1,1,22.53,,,,,7,1,7,26.176,,,,,,,,,,,,,,,,,,,,,,,,,,,,,5,3,7,24.097,,,,,,,,,,,,,,,,,4,4,7,22.637,,,,,,,,,2,1,7,18.903,7,4,7,21.171,,,,,,,,,66,7,3,4,"6",5,
"R_3dS5jF99rwO99B9","2022-04-27 16:34:41","2022-04-27 16:35:03",25,22,0,"15",,,,,,,,,,,,,,,,,,,,,,,,,,,,,,,,,,,,,,,,,,,,,,,,,,,,,,,,,,,,,,,,,,,,,,,,,,,,,,,,,,,,,,,,,,,,,,,,,,,,,,,,,,,,,,,,,,,,,,,,,,,,,,,,,,,,,,,,,,,,,,,,,,,,,,,,,,,,,,,,,,,,,"",,
"R_1LzVIVnoeUonfNv","2022-04-27 19:43:40","2022-04-27 19:49:40",90,359,0,"15",,,,,,,,,,,,,,,,,,,,,4,3,3,17.595,1,1,1,10.856,,,,,,,,,,,,,4,3,3,19.609,,,,,,,,,,,,,,,,,1,1,1,12.824,,,,,,,,,1,1,1,51.732,,,,,,,,,,,,,,,,,,,,,,,,,,,,,7,4,6,27.69,,,,,3,3,2,23.324,4,3,3,18.597,1,1,1,11.544,,,,,3,2,1,20.91,,,,,,,,,,,,,,,,,,,,,,,,,,,,,,1,5,1,"1",5,
"R_1lbHnTjMPJ6g9eL","2022-04-27 20:01:47","2022-04-27 20:06:50",80,303,0,"15",1,1,1,13.94,,,,,,,,,1,1,1,16.201,,,,,,,,,,,,,1,1,1,20.706,,,,,1,1,1,8.001,,,,,,,,,,,,,,,,,,,,,,,,,,,,,1,1,1,8.365,,,,,,,,,7,7,7,51.143,,,,,,,,,6,6,1,23.666,1,1,7,31.277,1,1,1,10.122,,,,,,,,,,,,,,,,,,,,,1,1,1,12.401,,,,,,,,,,,,,,,,,,,,,,,,,,,,,,,,,,2,2,2,"1",4,
"R_2aEnVpnOQwyXKdu","2022-04-27 17:43:20","2022-04-27 17:43:32",20,11,0,"15",,,,,,,,,,,,,,,,,,,,,,,,,,,,,,,,,,,,,,,,,,,,,,,,,,,,,,,,,,,,,,,,,,,,,,,,,,,,,,,,,,,,,,,,,,,,,,,,,,,,,,,,,,,,,,,,,,,,,,,,,,,,,,,,,,,,,,,,,,,,,,,,,,,,,,,,,,,,,,,,,,,,,"",,
"R_3Mfl9dcCFbXlIkK","2022-04-27 19:45:53","2022-04-27 19:49:02",25,189,0,"15",,,,,,,,,,,,,,,,,,,,,,,,,,,,,,,,,7,7,7,28.036,,,,,,,,,,,,,,,,,1,1,5,53.989,,,,,,,,,,,,,,,,,,,,,,,,,,,,,,,,,,,,,,,,,,,,,,,,,,,,,,,,,,,,,,,,,,,,,,,,,,,,,,,,,,,,,,,,,1,1,2,25.933,,,,,7,2,2,41.23,,,,,,,,,"",,
"R_vofipt51Ve8DV5v","2022-04-27 20:22:55","2022-04-27 20:23:09",20,13,0,"15",,,,,,,,,,,,,,,,,,,,,,,,,,,,,,,,,,,,,,,,,,,,,,,,,,,,,,,,,,,,,,,,,,,,,,,,,,,,,,,,,,,,,,,,,,,,,,,,,,,,,,,,,,,,,,,,,,,,,,,,,,,,,,,,,,,,,,,,,,,,,,,,,,,,,,,,,,,,,,,,,,,,,"",,
"R_2uqh4gVMdN4N9X6","2022-04-28 18:14:43","2022-04-28 18:15:14",25,31,0,"15",,,,,,,,,,,,,,,,,,,,,,,,,,,,,,,,,,,,,,,,,,,,,,,,,,,,,,,,,,,,,,,,,,,,,,,,,,,,,,,,,,,,,,,,,,,,,,,,,,,,,,,,,,,,,,,,,,,,,,,,,,,,,,,,,,,,,,,,,,,,,,,,,,,,,,,,,,,,,,,,,,,,,"",,
"R_pDUVApZu8G9vbVL","2022-04-28 14:08:04","2022-04-28 14:08:40",25,36,0,"15",,,,,,,,,,,,,,,,,,,,,,,,,,,,,,,,,,,,,,,,,,,,,,,,,,,,,,,,,,,,,,,,,,,,,,,,,,,,,,,,,,,,,,,,,,,,,,,,,,,,,,,,,,,,,,,,,,,,,,,,,,,,,,,,,,,,,,,,,,,,,,,,,,,,,,,,,,,,,,,,,,,,,"",,
"R_1JCRMm85VgvmwVL","2022-04-28 18:47:35","2022-04-28 18:50:43",25,188,0,"15",,,,,,,,,,,,,4,4,7,34.722,5,5,7,31.391,,,,,,,,,,,,,,,,,,,,,,,,,,,,,,,,,,,,,,,,,,,,,1,1,7,22.499,,,,,,,,,,,,,,,,,,,,,,,,,7,7,7,37.922,,,,,,,,,,,,,,,,,,,,,,,,,,,,,5,5,7,22.001,,,,,,,,,,,,,,,,,,,,,,,,,,,,,,,,,,,,,"",,
"R_1i3ZNPmw3rOuQOq","2022-04-28 16:09:35","2022-04-28 16:21:00",90,685,0,"15",1,1,1,55.081,,,,,1,1,1,37.564,,,,,,,,,,,,,,,,,,,,,,,,,1,2,7,31.625,1,1,7,22.596,,,,,,,,,,,,,1,1,6,56.738,,,,,,,,,,,,,,,,,,,,,4,4,7,26.565,,,,,,,,,,,,,4,4,7,56.758,,,,,6,7,7,17.603,,,,,,,,,,,,,,,,,7,7,7,24.771,,,,,,,,,,,,,,,,,,,,,,,,,,,,,3,4,6,46.901,65,1,2,6,"1",5,
"R_2rp9I2OHqQnUCFP","2022-04-29 05:46:00","2022-04-29 05:54:05",90,485,0,"15",,,,,,,,,6,1,1,23.756,7,1,1,17.972,,,,,,,,,,,,,,,,,6,1,1,20.06,,,,,,,,,7,1,1,15.826,,,,,,,,,,,,,,,,,,,,,6,1,1,19.37,,,,,,,,,,,,,7,1,1,26.986,,,,,,,,,,,,,,,,,,,,,2,1,1,23.121,,,,,,,,,1,1,1,42.477,,,,,,,,,1,1,1,19.164,,,,,,,,,,,,,,,,,,,,,4,4,4,26.616,,2,2,5,"1",5,
"R_ywNkfewKy18h6W5","2022-04-29 06:56:11","2022-04-29 06:58:03",25,111,0,"15",,,,,,,,,,,,,,,,,,,,,,,,,,,,,,,,,,,,,,,,,,,,,,,,,,,,,,,,,,,,,,,,,,,,,,,,,,,,,,,,,,,,,,,,,,,,,,,,,,,,,,,,,,,,,,,,,,,,,,,,,,,,,,,,,,,,,,,,,,,,,1,1,2,21.597,,,,,3,1,3,44.534,,,,,,,,,,,,,"",,
"R_720lYsglNU50j0B","2022-04-29 07:49:22","2022-04-29 07:53:25",90,243,0,"15",,,,,1,1,1,9.701,,,,,1,1,1,13.458,,,,,,,,,,,,,,,,,,,,,1,1,2,18.775,,,,,1,1,1,10.831,,,,,,,,,,,,,,,,,1,1,1,10.755,,,,,,,,,,,,,5,2,4,21.761,,,,,,,,,5,1,4,12.687,,,,,,,,,,,,,1,1,3,16.455,,,,,,,,,,,,,,,,,,,,,,,,,7,5,4,15.169,,,,,4,2,1,32.405,,,,,,,,,,,,,63,2,2,2,"1",1,
"R_1mCnlUM3wOMkofl","2022-04-29 10:42:46","2022-04-29 10:43:44",25,58,0,"15",,,,,,,,,,,,,,,,,,,,,,,,,,,,,,,,,,,,,,,,,,,,,,,,,,,,,1,1,1,33.751,,,,,,,,,,,,,,,,,,,,,,,,,,,,,,,,,,,,,,,,,,,,,,,,,,,,,,,,,,,,,,,,,,,,,,,,,,,,,,,,,,,,,,,,,,,,,,,,,,,,,,,,,,,,,"",,
"R_2ROIdmWTDpbaTHr","2022-04-27 20:34:15","2022-04-27 20:34:32",25,17,0,"15",,,,,,,,,,,,,,,,,,,,,,,,,,,,,,,,,,,,,,,,,,,,,,,,,,,,,,,,,,,,,,,,,,,,,,,,,,,,,,,,,,,,,,,,,,,,,,,,,,,,,,,,,,,,,,,,,,,,,,,,,,,,,,,,,,,,,,,,,,,,,,,,,,,,,,,,,,,,,,,,,,,,,"",,
"R_DhGG4K1uGp23lIt","2022-04-28 11:36:05","2022-04-28 11:39:29",90,204,0,"15",,,,,,,,,,,,,,,,,1,1,1,15.391,2,2,6,12.859,1,1,1,11.09,,,,,,,,,,,,,,,,,,,,,,,,,,,,,4,4,4,10.639,1,2,3,12.942,,,,,,,,,,,,,,,,,4,4,4,11.875,1,1,1,13.816,,,,,4,2,3,19.402,,,,,,,,,,,,,,,,,,,,,,,,,,,,,,,,,,,,,,,,,,,,,,,,,5,5,5,14.048,,,,,,,,,7,7,7,9.21,68,2,6,2,"1",5,
"R_eEyEyFjcoUBOlih","2022-04-28 15:32:36","2022-04-28 19:47:51",25,15314,0,"15",,,,,,,,,,,,,,,,,,,,,,,,,,,,,,,,,,,,,,,,,,,,,,,,,,,,,,,,,,,,,,,,,,,,,,,,,,,,,,,,,,,,,,,,,,,,,,,,,,,,,,,,,,,,,,,,,,,,,,,,,,,,,,,,,,,,,,,,,,,,,,,,,,,,,,,,,,,,,,,,,,,,,"",,
"R_31ASJK4bwTZwlsY","2022-04-28 16:38:52","2022-04-28 16:43:40",90,288,0,"15",,,,,,,,,,,,,,,,,,,,,,,,,1,1,1,24.183,1,1,1,13.458,1,1,1,18.584,,,,,,,,,,,,,,,,,1,1,1,17.257,,,,,1,1,1,12.929,,,,,,,,,,,,,,,,,,,,,,,,,,,,,,,,,,,,,5,3,4,15.601,,,,,,,,,,,,,4,2,1,29.781,,,,,,,,,1,1,1,27.601,7,7,1,12.541,,,,,,,,,,,,,7,2,2,20.223,,,,,,,,,58,1,3,4,"1",1,
"R_1pVYUyOesJnVcRS","2022-04-29 09:12:08","2022-04-29 09:13:45",25,96,0,"15",,,,,,,,,,,,,,,,,,,,,,,,,,,,,,,,,,,,,1,1,5,51.324,,,,,,,,,,,,,,,,,,,,,,,,,,,,,,,,,,,,,,,,,,,,,,,,,,,,,,,,,,,,,,,,,,,,,,,,,,,,,,,,,,,,,,,,,,,,,,,,,,,,,,,,,,,,,,,,,,,,,,,,,,,,,"",,
"R_OIJoKCXiKcaAWpb","2022-04-29 11:12:07","2022-04-29 11:14:31",25,144,0,"15",,,,,,,,,,,,,4,4,5,75.702,,,,,,,,,,,,,,,,,,,,,,,,,,,,,,,,,,,,,,,,,,,,,,,,,,,,,,,,,,,,,,,,,,,,,,,,,,,,,,,,,,,,,,,,,,,,,,,,,,,,,,,,,,,,,,,,,,,,,,,,,,,,,,,,,,,,,,,,,,,,,,,,,,,,,"",,
